user_id,product_id,interaction_type,interaction_score,product_category,product_description,review_text,semantic_vector,latent_user_feature,latent_item_feature,target_recommendation_score
U070,P049,add_to_cart,0.606,Electronics,Latest high-performance electronic device with smart features.,Decent quality but could be improved.,"[0.11, 0.289, 0.53, 0.237, 0.633]",-0.637,-0.431,0.321
U154,P080,purchase,0.721,Books,Engaging book with insightful knowledge and storytelling.,This product is excellent and exceeded expectations.,"[0.369, 0.863, 0.094, 0.822, 0.8]",0.48,-0.722,0.69
U075,P072,purchase,0.929,Sports,High-quality sports equipment for professionals and beginners.,This product is excellent and exceeded expectations.,"[0.755, 0.951, 0.414, 0.497, 0.042]",-0.693,-0.019,0.75
U132,P035,purchase,0.974,Books,Engaging book with insightful knowledge and storytelling.,This product is excellent and exceeded expectations.,"[0.629, 0.411, 0.203, 0.344, 0.745]",0.947,-0.732,1.087
U154,P078,view,0.142,Books,Engaging book with insightful knowledge and storytelling.,Decent quality but could be improved.,"[0.169, 0.178, 0.932, 0.318, 0.662]",-0.31,0.739,0.227
U129,P022,purchase,0.957,Electronics,Latest high-performance electronic device with smart features.,This product is excellent and exceeded expectations.,"[0.153, 0.412, 0.63, 0.488, 0.406]",0.049,0.007,1.012
U014,P029,view,0.224,Books,Engaging book with insightful knowledge and storytelling.,Decent quality but could be improved.,"[0.419, 0.205, 0.233, 0.827, 0.186]",-0.516,0.583,0.202
U045,P009,view,0.247,Home,Durable and modern home essentials designed for comfort.,Decent quality but could be improved.,"[0.55, 0.791, 0.68, 0.111, 0.521]",-0.773,-0.525,-0.167
U057,P006,review,0.831,Fashion,Trendy and stylish fashion apparel for daily wear.,This product is excellent and exceeded expectations.,"[0.533, 0.908, 0.815, 0.9, 0.035]",-0.368,0.528,0.922
U198,P043,review,0.532,Home,Durable and modern home essentials designed for comfort.,Decent quality but could be improved.,"[0.017, 0.448, 0.146, 0.836, 0.923]",-0.044,0.295,0.639
U079,P030,review,0.424,Fashion,Trendy and stylish fashion apparel for daily wear.,Decent quality but could be improved.,"[0.813, 0.369, 0.589, 0.162, 0.11]",0.757,-0.867,0.414
U173,P058,purchase,0.817,Sports,High-quality sports equipment for professionals and beginners.,This product is excellent and exceeded expectations.,"[0.771, 0.593, 0.456, 0.419, 0.929]",0.319,0.743,1.144
U198,P072,review,0.789,Beauty,Premium beauty product enhancing personal care.,This product is excellent and exceeded expectations.,"[0.891, 0.381, 0.715, 0.576, 0.618]",0.06,0.507,0.996
U090,P033,purchase,0.948,Fashion,Trendy and stylish fashion apparel for daily wear.,This product is excellent and exceeded expectations.,"[0.243, 0.895, 0.591, 0.552, 0.568]",0.78,-0.572,1.015
U011,P049,add_to_cart,0.698,Books,Engaging book with insightful knowledge and storytelling.,Decent quality but could be improved.,"[0.596, 0.446, 0.34, 0.464, 0.652]",-0.765,0.755,0.707
U042,P019,review,0.312,Electronics,Latest high-performance electronic device with smart features.,Decent quality but could be improved.,"[0.494, 0.812, 0.307, 0.758, 0.775]",0.034,0.741,0.524
U057,P013,purchase,0.778,Sports,High-quality sports equipment for professionals and beginners.,This product is excellent and exceeded expectations.,"[0.959, 0.876, 0.064, 0.281, 0.151]",-0.311,0.89,0.956
U134,P096,purchase,0.713,Electronics,Latest high-performance electronic device with smart features.,This product is excellent and exceeded expectations.,"[0.075, 0.083, 0.591, 0.666, 0.443]",-0.422,-0.097,0.573
U124,P079,purchase,0.771,Beauty,Premium beauty product enhancing personal care.,This product is excellent and exceeded expectations.,"[0.171, 0.428, 0.202, 0.405, 0.517]",0.364,0.968,1.152
U141,P036,view,0.176,Electronics,Latest high-performance electronic device with smart features.,Decent quality but could be improved.,"[0.37, 0.871, 0.695, 0.443, 0.376]",-0.698,0.806,0.16
U118,P087,add_to_cart,0.405,Home,Durable and modern home essentials designed for comfort.,Decent quality but could be improved.,"[0.097, 0.678, 0.431, 0.781, 0.213]",0.676,0.64,0.781
U169,P022,add_to_cart,0.549,Books,Engaging book with insightful knowledge and storytelling.,Decent quality but could be improved.,"[0.757, 0.567, 0.622, 0.276, 0.777]",0.843,-0.299,0.757
U088,P089,review,0.422,Sports,High-quality sports equipment for professionals and beginners.,Decent quality but could be improved.,"[0.615, 0.05, 0.176, 0.448, 0.332]",0.215,0.884,0.786
U065,P048,add_to_cart,0.448,Home,Durable and modern home essentials designed for comfort.,Decent quality but could be improved.,"[0.917, 0.535, 0.324, 0.653, 0.034]",0.645,0.895,0.884
U165,P080,review,0.326,Beauty,Premium beauty product enhancing personal care.,Decent quality but could be improved.,"[0.119, 0.574, 0.121, 0.779, 0.211]",0.159,-0.579,0.19
U190,P072,purchase,0.886,Sports,High-quality sports equipment for professionals and beginners.,This product is excellent and exceeded expectations.,"[0.578, 0.033, 0.886, 0.026, 0.264]",-0.639,-0.612,0.507
U150,P005,add_to_cart,0.479,Fashion,Trendy and stylish fashion apparel for daily wear.,Decent quality but could be improved.,"[0.169, 0.98, 0.778, 0.864, 0.481]",0.225,0.23,0.633
U049,P021,view,0.301,Electronics,Latest high-performance electronic device with smart features.,Decent quality but could be improved.,"[0.186, 0.555, 0.382, 0.76, 0.745]",-0.628,0.738,0.358
U132,P025,purchase,0.954,Beauty,Premium beauty product enhancing personal care.,This product is excellent and exceeded expectations.,"[0.553, 0.966, 0.589, 0.846, 0.779]",-0.933,-0.94,0.434
U122,P023,add_to_cart,0.499,Fashion,Trendy and stylish fashion apparel for daily wear.,Decent quality but could be improved.,"[0.025, 0.383, 0.202, 0.33, 0.77]",0.201,-0.449,0.467
U072,P075,review,0.439,Beauty,Premium beauty product enhancing personal care.,Decent quality but could be improved.,"[0.936, 0.571, 0.628, 0.505, 0.4]",-0.793,-0.987,-0.133
U070,P052,add_to_cart,0.638,Beauty,Premium beauty product enhancing personal care.,Decent quality but could be improved.,"[0.939, 0.638, 0.094, 0.393, 0.726]",-0.038,-0.703,0.412
U192,P046,add_to_cart,0.597,Fashion,Trendy and stylish fashion apparel for daily wear.,Decent quality but could be improved.,"[0.951, 0.203, 0.944, 0.196, 0.686]",0.702,-0.015,0.827
U060,P056,view,0.162,Electronics,Latest high-performance electronic device with smart features.,Decent quality but could be improved.,"[0.808, 0.121, 0.186, 0.107, 0.167]",0.764,-0.263,0.333
U145,P029,add_to_cart,0.416,Books,Engaging book with insightful knowledge and storytelling.,Decent quality but could be improved.,"[0.915, 0.083, 0.613, 0.64, 0.294]",0.902,-0.007,0.68
U004,P045,add_to_cart,0.509,Beauty,Premium beauty product enhancing personal care.,Decent quality but could be improved.,"[0.43, 0.368, 0.387, 0.127, 0.131]",0.175,-0.512,0.433
U031,P036,add_to_cart,0.6,Fashion,Trendy and stylish fashion apparel for daily wear.,Decent quality but could be improved.,"[0.626, 0.599, 0.173, 0.491, 0.895]",-0.498,-0.646,0.296
U072,P031,add_to_cart,0.436,Fashion,Trendy and stylish fashion apparel for daily wear.,Decent quality but could be improved.,"[0.361, 0.735, 0.065, 0.843, 0.01]",0.083,0.165,0.523
U129,P093,view,0.234,Books,Engaging book with insightful knowledge and storytelling.,Decent quality but could be improved.,"[0.595, 0.434, 0.328, 0.41, 0.985]",0.144,0.253,0.345
U141,P021,add_to_cart,0.523,Home,Durable and modern home essentials designed for comfort.,Decent quality but could be improved.,"[0.212, 0.928, 0.236, 0.331, 0.479]",0.285,-0.425,0.525
U128,P067,add_to_cart,0.41,Sports,High-quality sports equipment for professionals and beginners.,Decent quality but could be improved.,"[0.613, 0.219, 0.751, 0.972, 0.814]",-0.812,0.317,0.277
U139,P062,purchase,0.987,Sports,High-quality sports equipment for professionals and beginners.,This product is excellent and exceeded expectations.,"[0.536, 0.398, 0.268, 0.535, 0.784]",0.014,0.69,1.167
U086,P034,view,0.103,Sports,High-quality sports equipment for professionals and beginners.,Decent quality but could be improved.,"[0.7, 0.432, 0.075, 0.895, 0.658]",-0.046,0.794,0.332
U002,P071,view,0.117,Electronics,Latest high-performance electronic device with smart features.,Decent quality but could be improved.,"[0.016, 0.429, 0.005, 0.647, 0.022]",-0.628,0.554,0.145
U167,P003,review,0.536,Sports,High-quality sports equipment for professionals and beginners.,Decent quality but could be improved.,"[0.773, 0.198, 0.42, 0.627, 0.927]",0.467,0.151,0.749
U057,P082,view,0.375,Electronics,Latest high-performance electronic device with smart features.,Decent quality but could be improved.,"[0.87, 0.422, 0.126, 0.974, 0.582]",-0.042,0.795,0.594
U120,P057,purchase,0.896,Home,Durable and modern home essentials designed for comfort.,This product is excellent and exceeded expectations.,"[0.984, 0.115, 0.849, 0.747, 0.85]",0.284,0.51,1.176
U022,P076,purchase,0.773,Books,Engaging book with insightful knowledge and storytelling.,This product is excellent and exceeded expectations.,"[0.227, 0.331, 0.793, 0.398, 0.752]",-0.781,-0.185,0.474
U024,P092,add_to_cart,0.461,Beauty,Premium beauty product enhancing personal care.,Decent quality but could be improved.,"[0.432, 0.713, 0.809, 0.648, 0.432]",-0.711,-0.798,-0.033
U039,P074,purchase,0.949,Home,Durable and modern home essentials designed for comfort.,This product is excellent and exceeded expectations.,"[0.238, 0.735, 0.95, 0.538, 0.923]",0.004,0.907,1.183
U141,P064,purchase,0.771,Sports,High-quality sports equipment for professionals and beginners.,This product is excellent and exceeded expectations.,"[0.889, 0.896, 0.408, 0.622, 0.339]",0.283,0.905,1.148
U009,P023,add_to_cart,0.435,Books,Engaging book with insightful knowledge and storytelling.,Decent quality but could be improved.,"[0.727, 0.155, 0.008, 0.497, 0.564]",-0.124,-0.61,0.181
U091,P081,add_to_cart,0.485,Electronics,Latest high-performance electronic device with smart features.,Decent quality but could be improved.,"[0.738, 0.591, 0.07, 0.643, 0.382]",0.094,0.029,0.563
U196,P086,add_to_cart,0.684,Home,Durable and modern home essentials designed for comfort.,Decent quality but could be improved.,"[0.224, 0.385, 0.662, 0.849, 0.852]",0.916,0.996,1.303
U099,P022,add_to_cart,0.416,Home,Durable and modern home essentials designed for comfort.,Decent quality but could be improved.,"[0.53, 0.165, 0.223, 0.029, 0.5]",0.801,0.269,0.695
U025,P016,add_to_cart,0.634,Beauty,Premium beauty product enhancing personal care.,Decent quality but could be improved.,"[0.356, 0.328, 0.672, 0.631, 0.716]",-0.176,-0.443,0.44
U101,P036,review,0.324,Books,Engaging book with insightful knowledge and storytelling.,Decent quality but could be improved.,"[0.289, 0.765, 0.647, 0.922, 0.855]",-0.122,0.34,0.344
U167,P012,purchase,0.865,Fashion,Trendy and stylish fashion apparel for daily wear.,This product is excellent and exceeded expectations.,"[0.228, 0.7, 0.174, 0.395, 0.749]",0.252,0.072,0.934
U081,P002,view,0.144,Electronics,Latest high-performance electronic device with smart features.,Decent quality but could be improved.,"[0.829, 0.22, 0.659, 0.217, 0.851]",-0.977,-0.481,-0.317
U034,P029,review,0.802,Fashion,Trendy and stylish fashion apparel for daily wear.,This product is excellent and exceeded expectations.,"[0.871, 0.791, 0.313, 0.15, 0.96]",0.091,0.681,0.988
U064,P003,add_to_cart,0.438,Beauty,Premium beauty product enhancing personal care.,Decent quality but could be improved.,"[0.82, 0.238, 0.843, 0.142, 0.592]",0.799,0.152,0.691
U105,P055,add_to_cart,0.488,Fashion,Trendy and stylish fashion apparel for daily wear.,Decent quality but could be improved.,"[0.287, 0.023, 0.106, 0.66, 0.788]",-0.427,0.397,0.475
U196,P029,add_to_cart,0.515,Electronics,Latest high-performance electronic device with smart features.,Decent quality but could be improved.,"[0.287, 0.4, 0.02, 0.669, 0.534]",0.418,-0.384,0.556
U141,P042,view,0.193,Sports,High-quality sports equipment for professionals and beginners.,Decent quality but could be improved.,"[0.286, 0.836, 0.785, 0.742, 0.269]",-0.751,-0.793,-0.236
U001,P010,view,0.282,Home,Durable and modern home essentials designed for comfort.,Decent quality but could be improved.,"[0.904, 0.484, 0.492, 0.358, 0.949]",0.29,-0.413,0.219
U161,P070,view,0.325,Books,Engaging book with insightful knowledge and storytelling.,Decent quality but could be improved.,"[0.282, 0.793, 0.801, 0.554, 0.597]",-0.205,0.886,0.547
U058,P021,add_to_cart,0.437,Books,Engaging book with insightful knowledge and storytelling.,Decent quality but could be improved.,"[0.019, 0.468, 0.138, 0.286, 0.342]",-0.421,0.865,0.586
U031,P007,view,0.212,Books,Engaging book with insightful knowledge and storytelling.,Decent quality but could be improved.,"[0.434, 0.925, 0.084, 0.667, 0.371]",0.163,-0.275,0.19
U027,P097,view,0.363,Fashion,Trendy and stylish fashion apparel for daily wear.,Decent quality but could be improved.,"[0.265, 0.233, 0.906, 0.97, 0.351]",0.447,-0.793,0.235
U066,P018,view,0.239,Books,Engaging book with insightful knowledge and storytelling.,Decent quality but could be improved.,"[0.352, 0.554, 0.072, 0.217, 0.547]",-0.264,-0.965,-0.146
U017,P011,review,0.756,Books,Engaging book with insightful knowledge and storytelling.,This product is excellent and exceeded expectations.,"[0.295, 0.444, 0.762, 0.185, 0.538]",0.509,-0.479,0.753
U115,P097,purchase,0.738,Fashion,Trendy and stylish fashion apparel for daily wear.,This product is excellent and exceeded expectations.,"[0.622, 0.64, 0.525, 0.025, 0.731]",-0.453,0.371,0.683
U180,P029,add_to_cart,0.459,Home,Durable and modern home essentials designed for comfort.,Decent quality but could be improved.,"[0.409, 0.758, 0.915, 0.758, 0.92]",0.528,-0.958,0.324
U063,P041,view,0.333,Fashion,Trendy and stylish fashion apparel for daily wear.,Decent quality but could be improved.,"[0.046, 0.784, 0.736, 0.018, 0.997]",0.873,-0.439,0.469
U144,P015,purchase,0.99,Books,Engaging book with insightful knowledge and storytelling.,This product is excellent and exceeded expectations.,"[0.481, 0.489, 0.836, 0.18, 0.659]",0.292,-0.101,1.096
U137,P066,purchase,0.783,Books,Engaging book with insightful knowledge and storytelling.,This product is excellent and exceeded expectations.,"[0.468, 0.089, 0.761, 0.788, 0.194]",-0.422,-0.533,0.482
U119,P089,review,0.791,Home,Durable and modern home essentials designed for comfort.,This product is excellent and exceeded expectations.,"[0.12, 0.204, 0.485, 0.658, 0.386]",-0.847,0.514,0.697
U061,P040,purchase,0.866,Home,Durable and modern home essentials designed for comfort.,This product is excellent and exceeded expectations.,"[0.616, 0.749, 0.878, 0.79, 0.671]",-0.095,0.387,0.921
U107,P035,view,0.203,Beauty,Premium beauty product enhancing personal care.,Decent quality but could be improved.,"[0.836, 0.236, 0.767, 0.448, 0.183]",0.417,0.795,0.551
U143,P049,add_to_cart,0.406,Sports,High-quality sports equipment for professionals and beginners.,Decent quality but could be improved.,"[0.888, 0.726, 0.689, 0.365, 0.806]",-0.534,0.307,0.297
U080,P100,purchase,0.932,Home,Durable and modern home essentials designed for comfort.,This product is excellent and exceeded expectations.,"[0.234, 0.968, 0.059, 0.902, 0.255]",-0.359,0.041,0.85
U198,P099,view,0.354,Fashion,Trendy and stylish fashion apparel for daily wear.,Decent quality but could be improved.,"[0.639, 0.99, 0.354, 0.081, 0.275]",0.861,0.82,0.85
U054,P025,add_to_cart,0.476,Books,Engaging book with insightful knowledge and storytelling.,Decent quality but could be improved.,"[0.777, 0.045, 0.183, 0.8, 0.508]",-0.378,-0.098,0.285
U095,P047,view,0.204,Fashion,Trendy and stylish fashion apparel for daily wear.,Decent quality but could be improved.,"[0.573, 0.759, 0.849, 0.746, 0.548]",0.849,-0.498,0.316
U077,P047,purchase,0.809,Fashion,Trendy and stylish fashion apparel for daily wear.,This product is excellent and exceeded expectations.,"[0.227, 0.065, 0.463, 0.704, 0.91]",-0.834,-0.287,0.438
U100,P053,add_to_cart,0.572,Sports,High-quality sports equipment for professionals and beginners.,Decent quality but could be improved.,"[0.041, 0.584, 0.466, 0.47, 0.202]",-0.58,-0.692,0.165
U046,P092,view,0.166,Electronics,Latest high-performance electronic device with smart features.,Decent quality but could be improved.,"[0.98, 0.147, 0.295, 0.58, 0.128]",0.084,0.207,0.299
U022,P093,purchase,0.747,Electronics,Latest high-performance electronic device with smart features.,This product is excellent and exceeded expectations.,"[0.818, 0.139, 0.88, 0.189, 0.701]",-0.776,-0.331,0.458
U045,P049,view,0.186,Books,Engaging book with insightful knowledge and storytelling.,Decent quality but could be improved.,"[0.831, 0.321, 0.699, 0.508, 0.952]",0.003,-0.6,0.006
U001,P037,view,0.32,Fashion,Trendy and stylish fashion apparel for daily wear.,Decent quality but could be improved.,"[0.647, 0.717, 0.987, 0.315, 0.06]",-0.584,0.736,0.351
U115,P024,view,0.276,Books,Engaging book with insightful knowledge and storytelling.,Decent quality but could be improved.,"[0.498, 0.868, 0.495, 0.999, 0.065]",0.122,0.532,0.511
U111,P031,view,0.177,Beauty,Premium beauty product enhancing personal care.,Decent quality but could be improved.,"[0.953, 0.778, 0.782, 0.292, 0.349]",0.645,-0.028,0.318
U042,P086,add_to_cart,0.523,Home,Durable and modern home essentials designed for comfort.,Decent quality but could be improved.,"[0.025, 0.629, 0.423, 0.281, 0.836]",0.027,0.799,0.778
U195,P048,view,0.309,Electronics,Latest high-performance electronic device with smart features.,Decent quality but could be improved.,"[0.356, 0.173, 0.344, 0.051, 0.224]",-0.721,-0.705,-0.154
U065,P030,review,0.401,Home,Durable and modern home essentials designed for comfort.,Decent quality but could be improved.,"[0.694, 0.2, 0.433, 0.451, 0.326]",0.427,-0.604,0.378
U125,P081,purchase,0.701,Sports,High-quality sports equipment for professionals and beginners.,This product is excellent and exceeded expectations.,"[0.95, 0.48, 0.061, 0.211, 0.163]",0.34,0.905,1.042
U141,P029,purchase,0.908,Home,Durable and modern home essentials designed for comfort.,This product is excellent and exceeded expectations.,"[0.832, 0.195, 0.729, 0.526, 0.488]",0.608,0.289,1.203
U086,P069,view,0.332,Fashion,Trendy and stylish fashion apparel for daily wear.,Decent quality but could be improved.,"[0.46, 0.14, 0.333, 0.746, 0.488]",-0.113,0.592,0.511
U197,P049,view,0.218,Books,Engaging book with insightful knowledge and storytelling.,Decent quality but could be improved.,"[0.716, 0.217, 0.85, 0.527, 0.191]",-0.142,0.075,0.179
U187,P079,review,0.77,Beauty,Premium beauty product enhancing personal care.,This product is excellent and exceeded expectations.,"[0.24, 0.964, 0.398, 0.791, 0.146]",0.853,0.352,1.094
U112,P050,review,0.485,Fashion,Trendy and stylish fashion apparel for daily wear.,Decent quality but could be improved.,"[0.594, 0.948, 0.618, 0.83, 0.691]",0.764,-0.029,0.728
U109,P026,review,0.427,Books,Engaging book with insightful knowledge and storytelling.,Decent quality but could be improved.,"[0.864, 0.263, 0.53, 0.662, 0.456]",0.076,-0.765,0.214
U016,P013,view,0.334,Home,Durable and modern home essentials designed for comfort.,Decent quality but could be improved.,"[0.61, 0.871, 0.373, 0.451, 0.1]",-0.765,0.212,0.214
U101,P016,add_to_cart,0.589,Fashion,Trendy and stylish fashion apparel for daily wear.,Decent quality but could be improved.,"[0.103, 0.075, 0.97, 0.881, 0.511]",0.825,0.254,0.958
U061,P070,add_to_cart,0.449,Sports,High-quality sports equipment for professionals and beginners.,Decent quality but could be improved.,"[0.686, 0.624, 0.349, 0.076, 0.113]",0.249,-0.415,0.405
U090,P078,view,0.364,Fashion,Trendy and stylish fashion apparel for daily wear.,Decent quality but could be improved.,"[0.997, 0.295, 0.155, 0.052, 0.712]",0.418,-0.538,0.339
U008,P085,add_to_cart,0.512,Books,Engaging book with insightful knowledge and storytelling.,Decent quality but could be improved.,"[0.016, 0.861, 0.527, 0.549, 0.702]",0.114,0.775,0.783
U135,P052,purchase,0.716,Home,Durable and modern home essentials designed for comfort.,This product is excellent and exceeded expectations.,"[0.153, 0.315, 0.747, 0.993, 0.131]",0.398,-0.135,0.768
U169,P089,purchase,0.967,Home,Durable and modern home essentials designed for comfort.,This product is excellent and exceeded expectations.,"[0.516, 0.739, 0.065, 0.092, 0.342]",-0.584,0.512,0.915
U008,P074,review,0.459,Sports,High-quality sports equipment for professionals and beginners.,Decent quality but could be improved.,"[0.0, 0.332, 0.886, 0.565, 0.248]",-0.078,0.362,0.536
U058,P059,view,0.144,Home,Durable and modern home essentials designed for comfort.,Decent quality but could be improved.,"[0.986, 0.917, 0.837, 0.616, 0.571]",0.61,-0.266,0.273
U121,P052,review,0.303,Electronics,Latest high-performance electronic device with smart features.,Decent quality but could be improved.,"[0.091, 0.756, 0.898, 0.197, 0.973]",0.453,0.768,0.683
U096,P036,purchase,0.739,Beauty,Premium beauty product enhancing personal care.,This product is excellent and exceeded expectations.,"[0.392, 0.803, 0.882, 0.756, 0.531]",-0.584,0.263,0.595
U132,P098,view,0.228,Beauty,Premium beauty product enhancing personal care.,Decent quality but could be improved.,"[0.106, 0.021, 0.647, 0.769, 0.146]",0.955,-0.786,0.264
U094,P098,add_to_cart,0.648,Sports,High-quality sports equipment for professionals and beginners.,Decent quality but could be improved.,"[0.608, 0.018, 0.228, 0.428, 0.214]",0.073,-0.966,0.336
U159,P099,add_to_cart,0.522,Sports,High-quality sports equipment for professionals and beginners.,Decent quality but could be improved.,"[0.251, 0.107, 0.083, 0.817, 0.663]",-0.372,-0.644,0.179
U022,P097,add_to_cart,0.511,Beauty,Premium beauty product enhancing personal care.,Decent quality but could be improved.,"[0.008, 0.832, 0.958, 0.802, 0.573]",-0.713,-0.309,0.184
U076,P017,view,0.172,Sports,High-quality sports equipment for professionals and beginners.,Decent quality but could be improved.,"[0.726, 0.682, 0.763, 0.059, 0.867]",-0.714,0.638,0.152
U010,P073,review,0.411,Fashion,Trendy and stylish fashion apparel for daily wear.,Decent quality but could be improved.,"[0.941, 0.457, 0.987, 0.6, 0.328]",-0.835,0.548,0.282
U182,P071,review,0.378,Books,Engaging book with insightful knowledge and storytelling.,Decent quality but could be improved.,"[0.54, 0.456, 0.518, 0.533, 0.732]",-0.67,0.498,0.331
U010,P054,add_to_cart,0.457,Fashion,Trendy and stylish fashion apparel for daily wear.,Decent quality but could be improved.,"[0.375, 0.686, 0.525, 0.035, 0.514]",0.81,-0.491,0.57
U060,P078,add_to_cart,0.679,Electronics,Latest high-performance electronic device with smart features.,Decent quality but could be improved.,"[0.488, 0.16, 0.586, 0.526, 0.592]",-0.857,-0.457,0.239
U192,P037,review,0.663,Sports,High-quality sports equipment for professionals and beginners.,Decent quality but could be improved.,"[0.432, 0.096, 0.206, 0.091, 0.619]",0.868,0.077,0.91
U197,P099,review,0.505,Electronics,Latest high-performance electronic device with smart features.,Decent quality but could be improved.,"[0.444, 0.882, 0.549, 0.056, 0.836]",-0.974,-0.812,-0.0
U186,P019,view,0.344,Electronics,Latest high-performance electronic device with smart features.,Decent quality but could be improved.,"[0.43, 0.932, 0.663, 0.396, 0.898]",-0.394,-0.706,0.017
U083,P044,add_to_cart,0.566,Books,Engaging book with insightful knowledge and storytelling.,Decent quality but could be improved.,"[0.697, 0.962, 0.396, 0.779, 0.984]",0.531,-0.692,0.479
U056,P006,review,0.535,Beauty,Premium beauty product enhancing personal care.,Decent quality but could be improved.,"[0.575, 0.697, 0.408, 0.056, 0.988]",0.052,0.88,0.83
U118,P042,view,0.348,Fashion,Trendy and stylish fashion apparel for daily wear.,Decent quality but could be improved.,"[0.425, 0.342, 0.291, 0.525, 0.081]",-0.716,-0.604,-0.094
U051,P033,add_to_cart,0.58,Books,Engaging book with insightful knowledge and storytelling.,Decent quality but could be improved.,"[0.764, 0.004, 0.54, 0.082, 0.231]",0.119,0.315,0.749
U011,P001,add_to_cart,0.551,Sports,High-quality sports equipment for professionals and beginners.,Decent quality but could be improved.,"[0.409, 0.864, 0.071, 0.191, 0.841]",0.902,-0.936,0.531
U005,P054,purchase,0.888,Electronics,Latest high-performance electronic device with smart features.,This product is excellent and exceeded expectations.,"[0.933, 0.671, 0.245, 0.03, 0.479]",-0.371,-0.077,0.739
U174,P003,purchase,0.852,Sports,High-quality sports equipment for professionals and beginners.,This product is excellent and exceeded expectations.,"[0.226, 0.885, 0.229, 0.168, 0.157]",0.65,0.928,1.28
U138,P044,review,0.392,Fashion,Trendy and stylish fashion apparel for daily wear.,Decent quality but could be improved.,"[0.101, 0.49, 0.147, 0.171, 0.798]",0.034,-0.96,0.08
U057,P045,purchase,0.862,Sports,High-quality sports equipment for professionals and beginners.,This product is excellent and exceeded expectations.,"[0.079, 0.022, 0.635, 0.158, 0.449]",-0.324,0.255,0.833
U062,P021,review,0.37,Beauty,Premium beauty product enhancing personal care.,Decent quality but could be improved.,"[0.124, 0.422, 0.787, 0.889, 0.835]",-0.407,-0.571,0.063
U181,P094,view,0.272,Beauty,Premium beauty product enhancing personal care.,Decent quality but could be improved.,"[0.953, 0.347, 0.884, 0.447, 0.665]",-0.689,0.25,0.161
U077,P040,purchase,0.723,Electronics,Latest high-performance electronic device with smart features.,This product is excellent and exceeded expectations.,"[0.334, 0.298, 0.414, 0.927, 0.208]",0.429,0.729,1.082
U170,P086,view,0.314,Books,Engaging book with insightful knowledge and storytelling.,Decent quality but could be improved.,"[0.412, 0.291, 0.555, 0.776, 0.183]",0.242,0.662,0.589
U097,P051,add_to_cart,0.433,Sports,High-quality sports equipment for professionals and beginners.,Decent quality but could be improved.,"[0.441, 0.373, 0.312, 0.721, 0.52]",0.453,0.98,0.865
U040,P038,purchase,0.786,Home,Durable and modern home essentials designed for comfort.,This product is excellent and exceeded expectations.,"[0.442, 0.496, 0.268, 0.091, 0.2]",0.255,-0.022,0.824
U038,P007,view,0.155,Fashion,Trendy and stylish fashion apparel for daily wear.,Decent quality but could be improved.,"[0.831, 0.63, 0.918, 0.814, 0.524]",-0.71,0.555,0.096
U180,P035,add_to_cart,0.695,Beauty,Premium beauty product enhancing personal care.,Decent quality but could be improved.,"[0.69, 0.642, 0.944, 0.729, 0.028]",-0.494,0.531,0.656
U107,P019,review,0.562,Fashion,Trendy and stylish fashion apparel for daily wear.,Decent quality but could be improved.,"[0.841, 0.271, 0.124, 0.799, 0.756]",-0.895,0.069,0.31
U186,P021,review,0.341,Sports,High-quality sports equipment for professionals and beginners.,Decent quality but could be improved.,"[0.774, 0.36, 0.278, 0.927, 0.195]",0.227,0.208,0.47
U004,P098,review,0.573,Electronics,Latest high-performance electronic device with smart features.,Decent quality but could be improved.,"[0.696, 0.461, 0.087, 0.018, 0.077]",-0.094,-0.659,0.343
U009,P016,view,0.19,Books,Engaging book with insightful knowledge and storytelling.,Decent quality but could be improved.,"[0.665, 0.675, 0.121, 0.766, 0.635]",-0.086,0.818,0.429
U103,P005,add_to_cart,0.453,Books,Engaging book with insightful knowledge and storytelling.,Decent quality but could be improved.,"[0.892, 0.39, 0.905, 0.996, 0.239]",-0.91,0.424,0.305
U192,P062,view,0.272,Electronics,Latest high-performance electronic device with smart features.,Decent quality but could be improved.,"[0.174, 0.048, 0.718, 0.859, 0.715]",0.936,0.768,0.769
U065,P038,view,0.335,Electronics,Latest high-performance electronic device with smart features.,Decent quality but could be improved.,"[0.505, 0.596, 0.553, 0.382, 0.672]",-0.311,-0.934,-0.049
U112,P063,review,0.696,Beauty,Premium beauty product enhancing personal care.,Decent quality but could be improved.,"[0.287, 0.743, 0.372, 0.732, 0.646]",-0.036,0.0,0.699
U185,P052,purchase,0.894,Sports,High-quality sports equipment for professionals and beginners.,This product is excellent and exceeded expectations.,"[0.175, 0.239, 0.256, 0.41, 0.394]",0.159,0.418,1.065
U156,P071,review,0.526,Home,Durable and modern home essentials designed for comfort.,Decent quality but could be improved.,"[0.564, 0.887, 0.064, 0.627, 0.914]",0.426,-0.336,0.547
U093,P011,view,0.213,Books,Engaging book with insightful knowledge and storytelling.,Decent quality but could be improved.,"[0.299, 0.764, 0.696, 0.558, 0.333]",-0.684,-0.709,-0.17
U012,P096,purchase,0.861,Fashion,Trendy and stylish fashion apparel for daily wear.,This product is excellent and exceeded expectations.,"[0.861, 0.015, 0.687, 0.424, 0.556]",0.635,0.303,1.181
U008,P072,add_to_cart,0.495,Books,Engaging book with insightful knowledge and storytelling.,Decent quality but could be improved.,"[0.139, 0.348, 0.362, 0.506, 0.398]",-0.283,-0.258,0.347
U093,P100,review,0.692,Home,Durable and modern home essentials designed for comfort.,Decent quality but could be improved.,"[0.934, 0.966, 0.543, 0.568, 0.117]",0.862,0.029,0.922
U143,P087,view,0.203,Books,Engaging book with insightful knowledge and storytelling.,Decent quality but could be improved.,"[0.643, 0.986, 0.299, 0.065, 0.643]",-0.073,-0.874,-0.044
U090,P092,review,0.38,Fashion,Trendy and stylish fashion apparel for daily wear.,Decent quality but could be improved.,"[0.942, 0.467, 0.777, 0.774, 0.04]",0.054,0.667,0.619
U071,P064,view,0.363,Beauty,Premium beauty product enhancing personal care.,Decent quality but could be improved.,"[0.726, 0.111, 0.334, 0.714, 0.693]",-0.32,-0.386,0.196
U054,P073,add_to_cart,0.595,Sports,High-quality sports equipment for professionals and beginners.,Decent quality but could be improved.,"[0.156, 0.662, 0.152, 0.069, 0.166]",-0.373,-0.026,0.484
U041,P008,view,0.148,Fashion,Trendy and stylish fashion apparel for daily wear.,Decent quality but could be improved.,"[0.748, 0.046, 0.99, 0.256, 0.192]",-0.159,-0.577,-0.024
U152,P052,add_to_cart,0.566,Fashion,Trendy and stylish fashion apparel for daily wear.,Decent quality but could be improved.,"[0.503, 0.602, 0.362, 0.868, 0.093]",-0.307,-0.124,0.436
U001,P019,view,0.237,Books,Engaging book with insightful knowledge and storytelling.,Decent quality but could be improved.,"[0.74, 0.099, 0.002, 0.187, 0.304]",-0.685,0.758,0.3
U184,P047,view,0.396,Beauty,Premium beauty product enhancing personal care.,Decent quality but could be improved.,"[0.094, 0.587, 0.447, 0.803, 0.467]",0.298,-0.595,0.269
U189,P067,review,0.667,Beauty,Premium beauty product enhancing personal care.,Decent quality but could be improved.,"[0.733, 0.17, 0.763, 0.405, 0.542]",0.238,0.727,0.937
U183,P076,purchase,0.861,Fashion,Trendy and stylish fashion apparel for daily wear.,This product is excellent and exceeded expectations.,"[0.138, 0.396, 0.502, 0.979, 0.965]",0.448,0.797,1.218
U133,P072,add_to_cart,0.631,Books,Engaging book with insightful knowledge and storytelling.,Decent quality but could be improved.,"[0.714, 0.12, 0.069, 0.019, 0.989]",-0.711,-0.303,0.348
U158,P077,view,0.293,Beauty,Premium beauty product enhancing personal care.,Decent quality but could be improved.,"[0.416, 0.715, 0.597, 0.763, 0.219]",0.8,-0.487,0.385
U044,P047,purchase,0.995,Books,Engaging book with insightful knowledge and storytelling.,This product is excellent and exceeded expectations.,"[0.735, 0.822, 0.575, 0.754, 0.209]",0.681,-0.833,0.903
U168,P085,view,0.142,Books,Engaging book with insightful knowledge and storytelling.,Decent quality but could be improved.,"[0.946, 0.135, 0.379, 0.665, 0.555]",-0.257,-0.966,-0.213
U085,P030,purchase,0.924,Beauty,Premium beauty product enhancing personal care.,This product is excellent and exceeded expectations.,"[0.422, 0.921, 0.295, 0.044, 0.326]",-0.093,0.446,1.078
U022,P013,add_to_cart,0.611,Books,Engaging book with insightful knowledge and storytelling.,Decent quality but could be improved.,"[0.508, 0.002, 0.863, 0.065, 0.915]",-0.956,-0.319,0.242
U025,P013,add_to_cart,0.455,Beauty,Premium beauty product enhancing personal care.,Decent quality but could be improved.,"[0.146, 0.95, 0.167, 0.957, 0.19]",0.833,-0.131,0.666
U143,P064,review,0.899,Books,Engaging book with insightful knowledge and storytelling.,This product is excellent and exceeded expectations.,"[0.237, 0.081, 0.399, 0.23, 0.358]",0.535,0.136,1.091
U101,P075,purchase,0.792,Beauty,Premium beauty product enhancing personal care.,This product is excellent and exceeded expectations.,"[0.235, 0.948, 0.554, 0.659, 0.283]",0.826,-0.303,0.974
U156,P066,purchase,0.931,Beauty,Premium beauty product enhancing personal care.,This product is excellent and exceeded expectations.,"[0.092, 0.084, 0.123, 0.404, 0.662]",0.043,0.294,1.046
U159,P078,view,0.389,Beauty,Premium beauty product enhancing personal care.,Decent quality but could be improved.,"[0.659, 0.387, 0.59, 0.429, 0.467]",-0.295,-0.906,0.019
U004,P083,review,0.641,Electronics,Latest high-performance electronic device with smart features.,Decent quality but could be improved.,"[0.27, 0.969, 0.324, 0.671, 0.83]",-0.304,0.158,0.561
U188,P011,purchase,0.983,Beauty,Premium beauty product enhancing personal care.,This product is excellent and exceeded expectations.,"[0.675, 0.729, 0.112, 0.026, 0.66]",-0.452,0.606,1.039
U078,P011,purchase,0.815,Fashion,Trendy and stylish fashion apparel for daily wear.,This product is excellent and exceeded expectations.,"[0.879, 0.651, 0.785, 0.428, 0.246]",-0.343,-0.68,0.536
U111,P077,review,0.51,Beauty,Premium beauty product enhancing personal care.,Decent quality but could be improved.,"[0.65, 0.035, 0.159, 0.303, 0.626]",0.288,-0.672,0.442
U047,P056,add_to_cart,0.439,Electronics,Latest high-performance electronic device with smart features.,Decent quality but could be improved.,"[0.844, 0.509, 0.521, 0.574, 0.079]",-0.065,0.59,0.549
U011,P007,purchase,0.836,Fashion,Trendy and stylish fashion apparel for daily wear.,This product is excellent and exceeded expectations.,"[0.729, 0.602, 0.742, 0.17, 0.813]",-0.163,0.404,0.906
U128,P011,purchase,0.781,Books,Engaging book with insightful knowledge and storytelling.,This product is excellent and exceeded expectations.,"[0.049, 0.6, 0.715, 0.192, 0.89]",0.593,0.842,1.164
U146,P029,review,0.489,Fashion,Trendy and stylish fashion apparel for daily wear.,Decent quality but could be improved.,"[0.341, 0.609, 0.287, 0.675, 0.198]",0.567,-0.777,0.405
U030,P040,view,0.125,Sports,High-quality sports equipment for professionals and beginners.,Decent quality but could be improved.,"[0.962, 0.637, 0.073, 0.0, 0.861]",0.927,0.468,0.506
U045,P083,view,0.213,Beauty,Premium beauty product enhancing personal care.,Decent quality but could be improved.,"[0.308, 0.798, 0.823, 0.013, 0.861]",-0.477,0.349,0.199
U142,P013,add_to_cart,0.62,Electronics,Latest high-performance electronic device with smart features.,Decent quality but could be improved.,"[0.873, 0.638, 0.657, 0.46, 0.714]",0.653,-0.194,0.796
U091,P065,purchase,0.702,Fashion,Trendy and stylish fashion apparel for daily wear.,This product is excellent and exceeded expectations.,"[0.485, 0.584, 0.358, 0.161, 0.032]",0.253,0.914,1.067
U077,P010,add_to_cart,0.456,Sports,High-quality sports equipment for professionals and beginners.,Decent quality but could be improved.,"[0.806, 0.894, 0.226, 0.345, 0.846]",-0.891,-0.805,-0.005
U132,P081,purchase,0.704,Electronics,Latest high-performance electronic device with smart features.,This product is excellent and exceeded expectations.,"[0.956, 0.388, 0.646, 0.015, 0.833]",0.348,-0.677,0.556
U119,P049,add_to_cart,0.568,Books,Engaging book with insightful knowledge and storytelling.,Decent quality but could be improved.,"[0.35, 0.599, 0.653, 0.548, 0.249]",0.235,-0.512,0.495
U038,P039,view,0.35,Home,Durable and modern home essentials designed for comfort.,Decent quality but could be improved.,"[0.372, 0.348, 0.245, 0.813, 0.673]",-0.241,0.369,0.35
U118,P035,view,0.321,Sports,High-quality sports equipment for professionals and beginners.,Decent quality but could be improved.,"[0.967, 0.683, 0.168, 0.308, 0.622]",0.744,-0.94,0.218
U148,P003,review,0.416,Electronics,Latest high-performance electronic device with smart features.,Decent quality but could be improved.,"[0.173, 0.657, 0.23, 0.415, 0.122]",0.284,-0.179,0.433
U008,P096,view,0.388,Home,Durable and modern home essentials designed for comfort.,Decent quality but could be improved.,"[0.652, 0.952, 0.367, 0.111, 0.778]",-0.22,0.677,0.56
U066,P068,add_to_cart,0.581,Home,Durable and modern home essentials designed for comfort.,Decent quality but could be improved.,"[0.524, 0.735, 0.257, 0.991, 0.937]",0.481,0.519,0.837
U056,P061,review,0.317,Sports,High-quality sports equipment for professionals and beginners.,Decent quality but could be improved.,"[0.437, 0.335, 0.7, 0.186, 0.609]",-0.025,-0.058,0.329
U174,P001,purchase,0.72,Home,Durable and modern home essentials designed for comfort.,This product is excellent and exceeded expectations.,"[0.968, 0.457, 0.142, 0.438, 0.423]",-0.007,-0.696,0.531
U140,P058,view,0.216,Sports,High-quality sports equipment for professionals and beginners.,Decent quality but could be improved.,"[0.672, 0.68, 0.976, 0.853, 0.004]",-0.017,-0.241,0.115
U030,P039,purchase,0.909,Electronics,Latest high-performance electronic device with smart features.,This product is excellent and exceeded expectations.,"[0.954, 0.038, 0.156, 0.508, 0.806]",0.846,0.556,1.293
U101,P089,view,0.314,Books,Engaging book with insightful knowledge and storytelling.,Decent quality but could be improved.,"[0.193, 0.364, 0.472, 0.51, 0.991]",0.424,-0.175,0.394
U016,P018,add_to_cart,0.617,Books,Engaging book with insightful knowledge and storytelling.,Decent quality but could be improved.,"[0.195, 0.355, 0.104, 0.646, 0.208]",-0.23,-0.635,0.32
U198,P018,add_to_cart,0.514,Fashion,Trendy and stylish fashion apparel for daily wear.,Decent quality but could be improved.,"[0.121, 0.66, 0.359, 0.947, 0.753]",-0.992,0.457,0.352
U042,P100,add_to_cart,0.574,Electronics,Latest high-performance electronic device with smart features.,Decent quality but could be improved.,"[0.876, 0.545, 0.277, 0.426, 0.258]",0.625,0.825,1.034
U183,P010,add_to_cart,0.505,Electronics,Latest high-performance electronic device with smart features.,Decent quality but could be improved.,"[0.548, 0.744, 0.735, 0.184, 0.556]",0.478,0.542,0.835
U029,P093,view,0.18,Books,Engaging book with insightful knowledge and storytelling.,Decent quality but could be improved.,"[0.5, 0.217, 0.051, 0.627, 0.606]",0.269,0.785,0.545
U022,P074,purchase,0.959,Home,Durable and modern home essentials designed for comfort.,This product is excellent and exceeded expectations.,"[0.91, 0.623, 0.619, 0.876, 0.799]",-0.694,-0.792,0.555
U142,P030,add_to_cart,0.538,Fashion,Trendy and stylish fashion apparel for daily wear.,Decent quality but could be improved.,"[0.261, 0.339, 0.113, 0.433, 0.291]",0.894,0.461,0.969
U127,P088,view,0.123,Home,Durable and modern home essentials designed for comfort.,Decent quality but could be improved.,"[0.696, 0.505, 0.709, 0.32, 0.943]",-0.394,-0.985,-0.287
U135,P047,purchase,0.797,Fashion,Trendy and stylish fashion apparel for daily wear.,This product is excellent and exceeded expectations.,"[0.735, 0.287, 0.202, 0.04, 0.45]",0.881,0.463,1.25
U186,P099,purchase,0.796,Electronics,Latest high-performance electronic device with smart features.,This product is excellent and exceeded expectations.,"[0.166, 0.316, 0.325, 0.158, 0.714]",0.417,0.517,1.111
U119,P096,view,0.283,Home,Durable and modern home essentials designed for comfort.,Decent quality but could be improved.,"[0.351, 0.82, 0.316, 0.01, 0.356]",0.709,0.45,0.667
U063,P043,view,0.283,Sports,High-quality sports equipment for professionals and beginners.,Decent quality but could be improved.,"[0.231, 0.865, 0.789, 0.408, 0.15]",0.057,-0.226,0.248
U147,P058,review,0.734,Electronics,Latest high-performance electronic device with smart features.,This product is excellent and exceeded expectations.,"[0.178, 0.65, 0.844, 0.676, 0.256]",0.487,0.811,1.106
U038,P065,view,0.33,Books,Engaging book with insightful knowledge and storytelling.,Decent quality but could be improved.,"[0.034, 0.068, 0.785, 0.399, 0.822]",-0.935,-0.033,0.02
U191,P068,add_to_cart,0.598,Sports,High-quality sports equipment for professionals and beginners.,Decent quality but could be improved.,"[0.875, 0.866, 0.48, 0.025, 0.981]",0.713,-0.297,0.748
U171,P091,add_to_cart,0.562,Electronics,Latest high-performance electronic device with smart features.,Decent quality but could be improved.,"[0.212, 0.684, 0.153, 0.734, 0.87]",0.489,0.011,0.677
U085,P049,purchase,0.914,Fashion,Trendy and stylish fashion apparel for daily wear.,This product is excellent and exceeded expectations.,"[0.799, 0.357, 0.858, 0.771, 0.334]",0.633,-0.151,1.089
U187,P016,add_to_cart,0.51,Sports,High-quality sports equipment for professionals and beginners.,Decent quality but could be improved.,"[0.361, 0.442, 0.06, 0.723, 0.227]",-0.137,0.618,0.646
U110,P073,add_to_cart,0.539,Beauty,Premium beauty product enhancing personal care.,Decent quality but could be improved.,"[0.636, 0.029, 0.95, 0.407, 0.189]",0.953,0.404,0.902
U026,P092,view,0.166,Home,Durable and modern home essentials designed for comfort.,Decent quality but could be improved.,"[0.214, 0.066, 0.178, 0.058, 0.926]",0.998,0.531,0.621
U053,P017,view,0.324,Electronics,Latest high-performance electronic device with smart features.,Decent quality but could be improved.,"[0.92, 0.277, 0.613, 0.801, 0.816]",-0.64,-0.312,0.077
U035,P050,review,0.425,Beauty,Premium beauty product enhancing personal care.,Decent quality but could be improved.,"[0.862, 0.157, 0.563, 0.718, 0.752]",-0.556,0.478,0.382
U092,P045,add_to_cart,0.625,Sports,High-quality sports equipment for professionals and beginners.,Decent quality but could be improved.,"[0.142, 0.85, 0.572, 0.651, 0.066]",-0.604,0.4,0.577
U088,P056,view,0.174,Electronics,Latest high-performance electronic device with smart features.,Decent quality but could be improved.,"[0.136, 0.029, 0.554, 0.027, 0.177]",0.735,-0.667,0.154
U082,P007,purchase,0.739,Electronics,Latest high-performance electronic device with smart features.,This product is excellent and exceeded expectations.,"[0.518, 0.093, 0.39, 0.908, 0.019]",-0.889,0.075,0.528
U168,P039,review,0.659,Books,Engaging book with insightful knowledge and storytelling.,Decent quality but could be improved.,"[0.4, 0.924, 0.482, 0.543, 0.931]",-0.191,0.312,0.681
U150,P062,add_to_cart,0.517,Books,Engaging book with insightful knowledge and storytelling.,Decent quality but could be improved.,"[0.895, 0.013, 0.46, 0.155, 0.101]",0.942,0.512,0.94
U027,P073,add_to_cart,0.419,Books,Engaging book with insightful knowledge and storytelling.,Decent quality but could be improved.,"[0.613, 0.185, 0.481, 0.735, 0.529]",-0.675,-0.888,-0.068
U131,P043,review,0.381,Books,Engaging book with insightful knowledge and storytelling.,Decent quality but could be improved.,"[0.532, 0.5, 0.271, 0.791, 0.552]",-0.61,-0.839,-0.029
U027,P068,review,0.363,Books,Engaging book with insightful knowledge and storytelling.,Decent quality but could be improved.,"[0.865, 0.377, 0.886, 0.925, 0.529]",0.298,0.323,0.565
U068,P019,review,0.305,Sports,High-quality sports equipment for professionals and beginners.,Decent quality but could be improved.,"[0.427, 0.236, 0.794, 0.837, 0.101]",-0.752,-0.593,-0.086
U033,P058,add_to_cart,0.491,Home,Durable and modern home essentials designed for comfort.,Decent quality but could be improved.,"[0.448, 0.649, 0.483, 0.907, 0.809]",0.97,-0.702,0.61
U012,P063,purchase,0.944,Home,Durable and modern home essentials designed for comfort.,This product is excellent and exceeded expectations.,"[0.333, 0.754, 0.942, 0.458, 0.907]",0.44,-0.178,1.051
U112,P079,add_to_cart,0.476,Home,Durable and modern home essentials designed for comfort.,Decent quality but could be improved.,"[0.772, 0.811, 0.523, 0.88, 0.868]",-0.906,0.886,0.449
U037,P033,review,0.484,Fashion,Trendy and stylish fashion apparel for daily wear.,Decent quality but could be improved.,"[0.307, 0.276, 0.581, 0.712, 0.771]",-0.203,-0.293,0.343
U175,P070,purchase,0.856,Books,Engaging book with insightful knowledge and storytelling.,This product is excellent and exceeded expectations.,"[0.462, 0.374, 0.61, 0.384, 0.222]",-0.079,0.306,0.888
U070,P050,add_to_cart,0.552,Beauty,Premium beauty product enhancing personal care.,Decent quality but could be improved.,"[0.333, 0.548, 0.449, 0.359, 0.423]",0.687,0.889,0.98
U194,P056,add_to_cart,0.627,Sports,High-quality sports equipment for professionals and beginners.,Decent quality but could be improved.,"[0.243, 0.837, 0.446, 0.189, 0.136]",-0.813,-0.318,0.267
U184,P068,purchase,0.902,Sports,High-quality sports equipment for professionals and beginners.,This product is excellent and exceeded expectations.,"[0.55, 0.491, 0.658, 0.204, 0.027]",-0.81,0.756,0.936
U067,P044,review,0.709,Home,Durable and modern home essentials designed for comfort.,This product is excellent and exceeded expectations.,"[0.892, 0.588, 0.014, 0.44, 0.985]",0.153,-0.776,0.533
U136,P073,review,0.897,Beauty,Premium beauty product enhancing personal care.,This product is excellent and exceeded expectations.,"[0.534, 0.815, 0.766, 0.136, 0.459]",0.621,0.518,1.261
U067,P048,view,0.119,Sports,High-quality sports equipment for professionals and beginners.,Decent quality but could be improved.,"[0.961, 0.404, 0.111, 0.434, 0.069]",0.601,-0.195,0.207
U155,P021,purchase,0.781,Books,Engaging book with insightful knowledge and storytelling.,This product is excellent and exceeded expectations.,"[0.808, 0.982, 0.425, 0.798, 0.914]",-0.522,0.859,0.872
U064,P073,view,0.369,Sports,High-quality sports equipment for professionals and beginners.,Decent quality but could be improved.,"[0.662, 0.868, 0.503, 0.609, 0.991]",-0.926,-0.34,-0.052
U129,P028,review,0.784,Books,Engaging book with insightful knowledge and storytelling.,This product is excellent and exceeded expectations.,"[0.168, 0.507, 0.555, 0.081, 0.052]",-0.807,0.581,0.746
U158,P038,purchase,0.846,Electronics,Latest high-performance electronic device with smart features.,This product is excellent and exceeded expectations.,"[0.224, 0.554, 0.965, 0.961, 0.509]",0.001,-0.743,0.648
U076,P041,view,0.21,Books,Engaging book with insightful knowledge and storytelling.,Decent quality but could be improved.,"[0.994, 0.31, 0.895, 0.317, 0.667]",0.419,0.314,0.436
U061,P039,view,0.136,Fashion,Trendy and stylish fashion apparel for daily wear.,Decent quality but could be improved.,"[0.295, 0.551, 0.589, 0.848, 0.588]",0.891,-0.856,0.188
U098,P010,purchase,0.953,Electronics,Latest high-performance electronic device with smart features.,This product is excellent and exceeded expectations.,"[0.322, 0.932, 0.062, 0.136, 0.68]",-0.511,0.358,0.911
U132,P071,purchase,0.731,Books,Engaging book with insightful knowledge and storytelling.,This product is excellent and exceeded expectations.,"[0.96, 0.222, 0.974, 0.041, 0.849]",0.546,-0.933,0.627
U167,P049,view,0.174,Electronics,Latest high-performance electronic device with smart features.,Decent quality but could be improved.,"[0.358, 0.757, 0.227, 0.775, 0.592]",0.151,0.494,0.406
U178,P075,add_to_cart,0.543,Home,Durable and modern home essentials designed for comfort.,Decent quality but could be improved.,"[0.719, 0.568, 0.311, 0.728, 0.063]",0.707,0.486,0.878
U032,P056,review,0.882,Fashion,Trendy and stylish fashion apparel for daily wear.,This product is excellent and exceeded expectations.,"[0.637, 0.935, 0.937, 0.586, 0.629]",-0.874,0.653,0.843
U151,P048,purchase,0.721,Books,Engaging book with insightful knowledge and storytelling.,This product is excellent and exceeded expectations.,"[0.735, 0.451, 0.25, 0.457, 0.343]",-0.554,0.547,0.684
U193,P034,add_to_cart,0.518,Sports,High-quality sports equipment for professionals and beginners.,Decent quality but could be improved.,"[0.633, 0.49, 0.297, 0.138, 0.312]",0.36,0.939,0.928
U048,P088,view,0.397,Fashion,Trendy and stylish fashion apparel for daily wear.,Decent quality but could be improved.,"[0.796, 0.748, 0.391, 0.835, 0.735]",0.79,-0.103,0.636
U189,P044,review,0.306,Electronics,Latest high-performance electronic device with smart features.,Decent quality but could be improved.,"[0.837, 0.123, 0.49, 0.579, 0.582]",0.996,-0.716,0.385
U163,P035,review,0.842,Fashion,Trendy and stylish fashion apparel for daily wear.,This product is excellent and exceeded expectations.,"[0.044, 0.343, 0.624, 0.732, 0.993]",0.522,-0.186,0.906
U023,P014,purchase,0.962,Sports,High-quality sports equipment for professionals and beginners.,This product is excellent and exceeded expectations.,"[0.615, 0.028, 0.651, 0.468, 0.99]",-0.276,0.06,0.898
U142,P049,purchase,0.769,Home,Durable and modern home essentials designed for comfort.,This product is excellent and exceeded expectations.,"[0.443, 0.844, 0.691, 0.315, 0.03]",-0.043,0.362,0.895
U113,P099,purchase,0.942,Sports,High-quality sports equipment for professionals and beginners.,This product is excellent and exceeded expectations.,"[0.541, 0.429, 0.346, 0.858, 0.255]",-0.832,0.411,0.853
U147,P097,view,0.191,Books,Engaging book with insightful knowledge and storytelling.,Decent quality but could be improved.,"[0.092, 0.567, 0.327, 0.903, 0.673]",0.1,-0.225,0.141
U075,P051,review,0.455,Sports,High-quality sports equipment for professionals and beginners.,Decent quality but could be improved.,"[0.4, 0.369, 0.634, 0.404, 0.641]",0.708,-0.834,0.454
U089,P060,purchase,0.769,Beauty,Premium beauty product enhancing personal care.,This product is excellent and exceeded expectations.,"[0.706, 0.801, 0.895, 0.129, 0.87]",-0.386,0.229,0.741
U176,P077,review,0.425,Sports,High-quality sports equipment for professionals and beginners.,Decent quality but could be improved.,"[0.393, 0.346, 0.75, 0.591, 0.032]",-0.169,0.268,0.475
U046,P065,view,0.341,Home,Durable and modern home essentials designed for comfort.,Decent quality but could be improved.,"[0.986, 0.827, 0.261, 0.829, 0.973]",0.245,-0.203,0.394
U098,P088,review,0.333,Fashion,Trendy and stylish fashion apparel for daily wear.,Decent quality but could be improved.,"[0.33, 0.533, 0.199, 0.195, 0.873]",-0.317,0.942,0.506
U180,P054,purchase,0.777,Fashion,Trendy and stylish fashion apparel for daily wear.,This product is excellent and exceeded expectations.,"[0.208, 0.008, 0.773, 0.763, 0.22]",0.412,-0.658,0.658
U066,P063,purchase,0.824,Home,Durable and modern home essentials designed for comfort.,This product is excellent and exceeded expectations.,"[0.74, 0.361, 0.074, 0.035, 0.874]",-0.662,0.288,0.759
U053,P077,review,0.338,Electronics,Latest high-performance electronic device with smart features.,Decent quality but could be improved.,"[0.91, 0.118, 0.445, 0.67, 0.345]",0.728,0.926,0.813
U176,P028,review,0.413,Home,Durable and modern home essentials designed for comfort.,Decent quality but could be improved.,"[0.54, 0.085, 0.461, 0.565, 0.359]",-0.633,0.228,0.244
U199,P016,view,0.389,Fashion,Trendy and stylish fashion apparel for daily wear.,Decent quality but could be improved.,"[0.549, 0.433, 0.897, 0.974, 0.384]",0.54,0.026,0.536
U063,P054,view,0.236,Electronics,Latest high-performance electronic device with smart features.,Decent quality but could be improved.,"[0.564, 0.585, 0.356, 0.529, 0.545]",0.523,0.394,0.51
U027,P085,add_to_cart,0.465,Fashion,Trendy and stylish fashion apparel for daily wear.,Decent quality but could be improved.,"[0.454, 0.176, 0.386, 0.406, 0.473]",-0.592,-0.975,0.027
U124,P092,purchase,0.796,Sports,High-quality sports equipment for professionals and beginners.,This product is excellent and exceeded expectations.,"[0.156, 0.47, 0.726, 0.603, 0.865]",-0.452,0.007,0.703
U168,P069,view,0.257,Beauty,Premium beauty product enhancing personal care.,Decent quality but could be improved.,"[0.588, 0.434, 0.106, 0.983, 0.103]",-0.696,-0.632,-0.104
U092,P068,review,0.876,Home,Durable and modern home essentials designed for comfort.,This product is excellent and exceeded expectations.,"[0.449, 0.872, 0.575, 0.155, 0.091]",-0.027,-0.499,0.745
U052,P004,view,0.343,Books,Engaging book with insightful knowledge and storytelling.,Decent quality but could be improved.,"[0.121, 0.748, 0.535, 0.103, 0.535]",-0.536,0.663,0.369
U168,P017,purchase,0.883,Books,Engaging book with insightful knowledge and storytelling.,This product is excellent and exceeded expectations.,"[0.142, 0.393, 0.699, 0.442, 0.322]",-0.609,-0.564,0.557
U101,P094,add_to_cart,0.451,Books,Engaging book with insightful knowledge and storytelling.,Decent quality but could be improved.,"[0.689, 0.594, 0.466, 0.191, 0.163]",0.166,0.713,0.725
U066,P090,review,0.773,Sports,High-quality sports equipment for professionals and beginners.,This product is excellent and exceeded expectations.,"[0.592, 0.762, 0.16, 0.417, 0.627]",-0.187,0.884,0.969
U026,P087,add_to_cart,0.661,Electronics,Latest high-performance electronic device with smart features.,Decent quality but could be improved.,"[0.476, 0.969, 0.765, 0.97, 0.859]",-0.241,-0.851,0.367
U082,P004,view,0.271,Electronics,Latest high-performance electronic device with smart features.,Decent quality but could be improved.,"[0.123, 0.721, 0.771, 0.438, 0.419]",-0.343,0.958,0.414
U158,P054,view,0.229,Home,Durable and modern home essentials designed for comfort.,Decent quality but could be improved.,"[0.954, 0.288, 0.714, 0.175, 0.469]",0.178,-0.813,0.024
U181,P055,add_to_cart,0.665,Books,Engaging book with insightful knowledge and storytelling.,Decent quality but could be improved.,"[0.207, 0.884, 0.455, 0.97, 0.965]",-0.771,-0.082,0.438
U079,P080,add_to_cart,0.683,Beauty,Premium beauty product enhancing personal care.,Decent quality but could be improved.,"[0.898, 0.274, 0.806, 0.6, 0.758]",-0.969,0.584,0.527
U107,P005,add_to_cart,0.636,Sports,High-quality sports equipment for professionals and beginners.,Decent quality but could be improved.,"[0.927, 0.929, 0.483, 0.364, 0.071]",-0.247,-0.855,0.321
U155,P017,review,0.795,Beauty,Premium beauty product enhancing personal care.,This product is excellent and exceeded expectations.,"[0.317, 0.977, 0.934, 0.977, 0.8]",0.137,-0.186,0.813
U123,P009,purchase,0.778,Electronics,Latest high-performance electronic device with smart features.,This product is excellent and exceeded expectations.,"[0.787, 0.542, 0.195, 0.366, 0.488]",0.582,-0.697,0.759
U182,P008,add_to_cart,0.647,Home,Durable and modern home essentials designed for comfort.,Decent quality but could be improved.,"[0.686, 0.423, 0.876, 0.17, 0.05]",-0.18,-0.89,0.36
U087,P026,view,0.1,Fashion,Trendy and stylish fashion apparel for daily wear.,Decent quality but could be improved.,"[0.514, 0.971, 0.075, 0.539, 0.455]",0.558,0.049,0.327
U145,P039,view,0.207,Home,Durable and modern home essentials designed for comfort.,Decent quality but could be improved.,"[0.398, 0.038, 0.999, 0.518, 0.534]",-0.338,0.034,0.101
U086,P092,view,0.349,Home,Durable and modern home essentials designed for comfort.,Decent quality but could be improved.,"[0.051, 0.388, 0.969, 0.117, 0.162]",-0.562,-0.591,0.013
U109,P050,view,0.179,Books,Engaging book with insightful knowledge and storytelling.,Decent quality but could be improved.,"[0.303, 0.176, 0.221, 0.082, 0.792]",-0.956,-0.809,-0.37
U158,P055,view,0.398,Fashion,Trendy and stylish fashion apparel for daily wear.,Decent quality but could be improved.,"[0.55, 0.474, 0.741, 0.241, 0.559]",0.893,-0.345,0.612
U151,P090,view,0.293,Beauty,Premium beauty product enhancing personal care.,Decent quality but could be improved.,"[0.812, 0.612, 0.231, 0.922, 0.99]",0.803,-0.429,0.393
U126,P099,view,0.104,Home,Durable and modern home essentials designed for comfort.,Decent quality but could be improved.,"[0.605, 0.453, 0.819, 0.706, 0.485]",-0.833,-0.145,-0.229
U167,P086,add_to_cart,0.584,Electronics,Latest high-performance electronic device with smart features.,Decent quality but could be improved.,"[0.891, 0.008, 0.787, 0.092, 0.364]",-0.21,0.989,0.794
U117,P054,review,0.672,Fashion,Trendy and stylish fashion apparel for daily wear.,Decent quality but could be improved.,"[0.175, 0.283, 0.994, 0.682, 0.286]",0.404,-0.843,0.513
U098,P071,review,0.894,Home,Durable and modern home essentials designed for comfort.,This product is excellent and exceeded expectations.,"[0.276, 0.044, 0.076, 0.795, 0.837]",0.574,0.061,1.095
U173,P015,add_to_cart,0.503,Home,Durable and modern home essentials designed for comfort.,Decent quality but could be improved.,"[0.045, 0.392, 0.209, 0.421, 0.053]",-0.178,-0.08,0.407
U077,P019,review,0.716,Sports,High-quality sports equipment for professionals and beginners.,This product is excellent and exceeded expectations.,"[0.864, 0.365, 0.785, 0.979, 0.91]",0.383,1.0,1.104
U176,P078,review,0.832,Home,Durable and modern home essentials designed for comfort.,This product is excellent and exceeded expectations.,"[0.209, 0.185, 0.595, 0.859, 0.468]",0.188,-0.204,0.869
U150,P047,review,0.585,Beauty,Premium beauty product enhancing personal care.,Decent quality but could be improved.,"[0.537, 0.114, 0.881, 0.356, 0.516]",-0.93,0.908,0.608
U037,P044,review,0.761,Sports,High-quality sports equipment for professionals and beginners.,This product is excellent and exceeded expectations.,"[0.516, 0.652, 0.453, 0.488, 0.624]",0.945,-0.738,0.783
U070,P078,view,0.187,Books,Engaging book with insightful knowledge and storytelling.,Decent quality but could be improved.,"[0.255, 0.361, 0.216, 0.201, 0.628]",0.899,0.192,0.48
U188,P062,view,0.211,Sports,High-quality sports equipment for professionals and beginners.,Decent quality but could be improved.,"[0.82, 0.062, 0.561, 0.497, 0.967]",-0.612,0.173,0.097
U130,P078,add_to_cart,0.573,Books,Engaging book with insightful knowledge and storytelling.,Decent quality but could be improved.,"[0.066, 0.848, 0.236, 0.715, 0.577]",0.089,-0.918,0.366
U104,P035,review,0.763,Books,Engaging book with insightful knowledge and storytelling.,This product is excellent and exceeded expectations.,"[0.893, 0.227, 0.523, 0.847, 0.537]",-0.059,-0.126,0.741
U067,P036,add_to_cart,0.405,Home,Durable and modern home essentials designed for comfort.,Decent quality but could be improved.,"[0.904, 0.622, 0.136, 0.957, 0.038]",0.918,0.51,0.846
U089,P075,add_to_cart,0.504,Sports,High-quality sports equipment for professionals and beginners.,Decent quality but could be improved.,"[0.727, 0.034, 0.068, 0.117, 0.227]",-0.109,0.241,0.581
U193,P032,purchase,0.844,Fashion,Trendy and stylish fashion apparel for daily wear.,This product is excellent and exceeded expectations.,"[0.609, 0.057, 0.381, 0.216, 0.5]",0.832,-0.274,0.975
U122,P060,view,0.257,Home,Durable and modern home essentials designed for comfort.,Decent quality but could be improved.,"[0.73, 0.325, 0.11, 0.038, 0.447]",0.936,-0.825,0.26
U045,P039,review,0.439,Fashion,Trendy and stylish fashion apparel for daily wear.,Decent quality but could be improved.,"[0.208, 0.957, 0.906, 0.796, 0.807]",-0.935,0.949,0.405
U017,P015,review,0.798,Electronics,Latest high-performance electronic device with smart features.,This product is excellent and exceeded expectations.,"[0.039, 0.603, 0.067, 0.538, 0.447]",-0.877,0.93,0.812
U059,P007,add_to_cart,0.6,Fashion,Trendy and stylish fashion apparel for daily wear.,Decent quality but could be improved.,"[0.306, 0.604, 0.083, 0.193, 0.242]",-0.357,0.736,0.712
U002,P090,review,0.528,Sports,High-quality sports equipment for professionals and beginners.,Decent quality but could be improved.,"[0.047, 0.829, 0.948, 0.46, 0.597]",-0.19,0.225,0.563
U169,P062,view,0.26,Books,Engaging book with insightful knowledge and storytelling.,Decent quality but could be improved.,"[0.907, 0.802, 0.048, 0.345, 0.999]",-0.846,0.052,0.064
U017,P059,purchase,0.903,Books,Engaging book with insightful knowledge and storytelling.,This product is excellent and exceeded expectations.,"[0.694, 0.158, 0.327, 0.788, 0.09]",0.523,-0.823,0.826
U104,P035,add_to_cart,0.569,Beauty,Premium beauty product enhancing personal care.,Decent quality but could be improved.,"[0.337, 0.895, 0.756, 0.307, 0.269]",0.757,0.93,1.094
U086,P026,add_to_cart,0.505,Beauty,Premium beauty product enhancing personal care.,Decent quality but could be improved.,"[0.563, 0.186, 0.41, 0.215, 0.363]",0.286,-0.496,0.409
U090,P030,add_to_cart,0.4,Home,Durable and modern home essentials designed for comfort.,Decent quality but could be improved.,"[0.862, 0.983, 0.529, 0.1, 0.334]",-0.607,-0.015,0.242
U027,P053,add_to_cart,0.625,Sports,High-quality sports equipment for professionals and beginners.,Decent quality but could be improved.,"[0.647, 0.674, 0.519, 0.02, 0.015]",-0.491,-0.737,0.21
U147,P077,review,0.885,Home,Durable and modern home essentials designed for comfort.,This product is excellent and exceeded expectations.,"[0.224, 0.831, 0.353, 0.699, 0.203]",0.327,-0.998,0.664
U131,P079,review,0.806,Home,Durable and modern home essentials designed for comfort.,This product is excellent and exceeded expectations.,"[0.942, 0.264, 0.109, 0.159, 0.087]",-0.529,-0.614,0.439
U140,P037,view,0.325,Electronics,Latest high-performance electronic device with smart features.,Decent quality but could be improved.,"[0.478, 0.031, 0.067, 0.366, 0.964]",-0.784,-0.675,-0.082
U011,P027,purchase,0.779,Fashion,Trendy and stylish fashion apparel for daily wear.,This product is excellent and exceeded expectations.,"[0.701, 0.088, 0.278, 0.963, 0.831]",-0.275,-0.75,0.518
U111,P067,view,0.31,Sports,High-quality sports equipment for professionals and beginners.,Decent quality but could be improved.,"[0.569, 0.227, 0.853, 0.403, 0.49]",-0.655,-0.36,0.044
U172,P064,purchase,0.89,Home,Durable and modern home essentials designed for comfort.,This product is excellent and exceeded expectations.,"[0.766, 0.11, 0.569, 0.738, 0.233]",0.412,-0.168,0.921
U029,P005,purchase,0.87,Books,Engaging book with insightful knowledge and storytelling.,This product is excellent and exceeded expectations.,"[0.817, 0.576, 0.379, 0.566, 0.12]",-0.797,0.498,0.771
U113,P072,purchase,0.898,Sports,High-quality sports equipment for professionals and beginners.,This product is excellent and exceeded expectations.,"[0.721, 0.924, 0.565, 0.302, 0.343]",0.604,0.964,1.385
U151,P057,add_to_cart,0.583,Electronics,Latest high-performance electronic device with smart features.,Decent quality but could be improved.,"[0.321, 0.104, 0.494, 0.729, 0.031]",0.335,0.523,0.816
U071,P053,add_to_cart,0.632,Beauty,Premium beauty product enhancing personal care.,Decent quality but could be improved.,"[0.729, 0.451, 0.513, 0.473, 0.879]",-0.958,0.809,0.591
U094,P035,add_to_cart,0.553,Sports,High-quality sports equipment for professionals and beginners.,Decent quality but could be improved.,"[0.099, 0.765, 0.831, 0.394, 0.041]",0.291,0.734,0.87
U143,P076,view,0.201,Sports,High-quality sports equipment for professionals and beginners.,Decent quality but could be improved.,"[0.092, 0.673, 0.335, 0.523, 0.958]",-0.154,0.45,0.255
U064,P073,purchase,0.823,Fashion,Trendy and stylish fashion apparel for daily wear.,This product is excellent and exceeded expectations.,"[0.373, 0.936, 0.1, 0.954, 0.756]",0.298,-0.962,0.575
U183,P078,view,0.365,Fashion,Trendy and stylish fashion apparel for daily wear.,Decent quality but could be improved.,"[0.505, 0.639, 0.802, 0.34, 0.156]",-0.233,0.485,0.449
U098,P025,add_to_cart,0.579,Home,Durable and modern home essentials designed for comfort.,Decent quality but could be improved.,"[0.926, 0.228, 0.928, 0.681, 0.098]",-0.419,0.83,0.671
U037,P045,add_to_cart,0.617,Sports,High-quality sports equipment for professionals and beginners.,Decent quality but could be improved.,"[0.836, 0.751, 0.638, 0.622, 0.156]",0.405,0.733,0.949
U173,P048,add_to_cart,0.441,Books,Engaging book with insightful knowledge and storytelling.,Decent quality but could be improved.,"[0.365, 0.93, 0.622, 0.071, 0.346]",0.977,0.611,0.915
U073,P088,view,0.217,Fashion,Trendy and stylish fashion apparel for daily wear.,Decent quality but could be improved.,"[0.64, 0.085, 0.81, 0.923, 0.346]",-0.028,-0.898,-0.093
U013,P066,view,0.153,Electronics,Latest high-performance electronic device with smart features.,Decent quality but could be improved.,"[0.604, 0.475, 0.563, 0.811, 0.987]",-0.532,-0.673,-0.258
U032,P075,purchase,0.713,Electronics,Latest high-performance electronic device with smart features.,This product is excellent and exceeded expectations.,"[0.153, 0.146, 0.084, 0.292, 0.687]",1.0,-0.996,0.726
U020,P060,purchase,0.961,Electronics,Latest high-performance electronic device with smart features.,This product is excellent and exceeded expectations.,"[0.269, 0.967, 0.378, 0.98, 0.375]",0.698,-0.073,1.183
U104,P028,purchase,0.783,Fashion,Trendy and stylish fashion apparel for daily wear.,This product is excellent and exceeded expectations.,"[0.931, 0.004, 0.519, 0.725, 0.871]",-0.504,0.621,0.771
U106,P045,add_to_cart,0.409,Home,Durable and modern home essentials designed for comfort.,Decent quality but could be improved.,"[0.425, 0.213, 0.799, 0.324, 0.271]",-0.229,0.467,0.443
U071,P005,add_to_cart,0.522,Beauty,Premium beauty product enhancing personal care.,Decent quality but could be improved.,"[0.887, 0.598, 0.7, 0.045, 0.116]",0.324,-0.072,0.645
U040,P024,review,0.608,Fashion,Trendy and stylish fashion apparel for daily wear.,Decent quality but could be improved.,"[0.617, 0.975, 0.612, 0.525, 0.976]",-0.926,-0.646,0.175
U089,P047,purchase,0.837,Electronics,Latest high-performance electronic device with smart features.,This product is excellent and exceeded expectations.,"[0.778, 0.151, 0.075, 0.237, 0.616]",-0.876,0.764,0.815
U001,P097,purchase,0.868,Books,Engaging book with insightful knowledge and storytelling.,This product is excellent and exceeded expectations.,"[0.466, 0.908, 0.162, 0.647, 0.516]",-0.313,-0.962,0.473
U010,P076,review,0.671,Books,Engaging book with insightful knowledge and storytelling.,Decent quality but could be improved.,"[0.12, 0.832, 0.735, 0.145, 0.554]",0.479,-0.116,0.769
U053,P087,review,0.734,Home,Durable and modern home essentials designed for comfort.,This product is excellent and exceeded expectations.,"[0.09, 0.314, 0.668, 0.889, 0.294]",-0.91,0.184,0.562
U111,P061,purchase,0.891,Fashion,Trendy and stylish fashion apparel for daily wear.,This product is excellent and exceeded expectations.,"[0.214, 0.57, 0.033, 0.658, 0.133]",0.993,-0.122,1.103
U149,P071,view,0.239,Electronics,Latest high-performance electronic device with smart features.,Decent quality but could be improved.,"[0.899, 0.466, 0.629, 0.332, 0.68]",-0.069,0.101,0.223
U079,P003,add_to_cart,0.561,Home,Durable and modern home essentials designed for comfort.,Decent quality but could be improved.,"[0.161, 0.574, 0.68, 0.465, 0.257]",0.27,0.031,0.637
U011,P048,add_to_cart,0.6,Beauty,Premium beauty product enhancing personal care.,Decent quality but could be improved.,"[0.043, 0.237, 0.788, 0.625, 0.956]",-0.048,-0.17,0.53
U012,P022,add_to_cart,0.692,Home,Durable and modern home essentials designed for comfort.,Decent quality but could be improved.,"[0.714, 0.602, 0.13, 0.72, 0.998]",0.767,0.201,0.994
U130,P087,review,0.551,Fashion,Trendy and stylish fashion apparel for daily wear.,Decent quality but could be improved.,"[0.86, 0.415, 0.434, 0.683, 0.484]",0.705,-0.06,0.722
U061,P085,purchase,0.874,Home,Durable and modern home essentials designed for comfort.,This product is excellent and exceeded expectations.,"[0.995, 0.794, 0.84, 0.527, 0.017]",-0.787,0.399,0.788
U049,P015,add_to_cart,0.667,Books,Engaging book with insightful knowledge and storytelling.,Decent quality but could be improved.,"[0.209, 0.725, 0.557, 0.142, 0.23]",0.134,0.195,0.735
U183,P072,purchase,0.84,Fashion,Trendy and stylish fashion apparel for daily wear.,This product is excellent and exceeded expectations.,"[0.028, 0.509, 0.932, 0.241, 0.371]",0.148,-0.751,0.674
U100,P064,add_to_cart,0.597,Books,Engaging book with insightful knowledge and storytelling.,Decent quality but could be improved.,"[0.161, 0.759, 0.87, 0.974, 0.579]",-0.586,0.147,0.51
U197,P071,review,0.78,Books,Engaging book with insightful knowledge and storytelling.,This product is excellent and exceeded expectations.,"[0.509, 0.239, 0.243, 0.827, 0.021]",0.41,0.332,0.987
U129,P066,review,0.502,Beauty,Premium beauty product enhancing personal care.,Decent quality but could be improved.,"[0.95, 0.942, 0.851, 0.135, 0.699]",-0.982,0.508,0.334
U150,P003,review,0.517,Beauty,Premium beauty product enhancing personal care.,Decent quality but could be improved.,"[0.348, 0.493, 0.154, 0.146, 0.75]",0.866,-0.76,0.504
U067,P083,view,0.208,Home,Durable and modern home essentials designed for comfort.,Decent quality but could be improved.,"[0.246, 0.671, 0.785, 0.3, 0.665]",-0.344,-0.498,0.004
U071,P055,purchase,0.92,Books,Engaging book with insightful knowledge and storytelling.,This product is excellent and exceeded expectations.,"[0.725, 0.126, 0.541, 0.531, 0.949]",0.624,0.394,1.234
U049,P089,add_to_cart,0.522,Beauty,Premium beauty product enhancing personal care.,Decent quality but could be improved.,"[0.813, 0.144, 0.801, 0.049, 0.432]",0.476,-0.659,0.46
U196,P029,review,0.497,Sports,High-quality sports equipment for professionals and beginners.,Decent quality but could be improved.,"[0.748, 0.97, 0.771, 0.384, 0.377]",0.054,0.482,0.695
U010,P048,purchase,0.741,Fashion,Trendy and stylish fashion apparel for daily wear.,This product is excellent and exceeded expectations.,"[0.719, 0.631, 0.524, 0.207, 0.313]",0.943,-0.937,0.728
U108,P049,view,0.178,Sports,High-quality sports equipment for professionals and beginners.,Decent quality but could be improved.,"[0.493, 0.143, 0.031, 0.762, 0.935]",-0.216,-0.497,-0.016
U052,P021,view,0.348,Sports,High-quality sports equipment for professionals and beginners.,Decent quality but could be improved.,"[0.382, 0.634, 0.787, 0.524, 0.115]",-0.487,-0.019,0.206
U191,P076,view,0.143,Home,Durable and modern home essentials designed for comfort.,Decent quality but could be improved.,"[0.329, 0.627, 0.674, 0.922, 0.324]",-0.32,0.693,0.21
U051,P034,purchase,0.905,Fashion,Trendy and stylish fashion apparel for daily wear.,This product is excellent and exceeded expectations.,"[0.763, 0.814, 0.251, 0.332, 0.567]",0.751,0.999,1.469
U065,P053,add_to_cart,0.465,Books,Engaging book with insightful knowledge and storytelling.,Decent quality but could be improved.,"[0.305, 0.545, 0.601, 0.542, 0.84]",0.098,0.092,0.563
U115,P042,add_to_cart,0.492,Electronics,Latest high-performance electronic device with smart features.,Decent quality but could be improved.,"[0.877, 0.047, 0.307, 0.883, 0.83]",-0.714,-0.413,0.183
U142,P005,review,0.355,Home,Durable and modern home essentials designed for comfort.,Decent quality but could be improved.,"[0.279, 0.863, 0.864, 0.665, 0.72]",0.798,0.86,0.873
U041,P004,add_to_cart,0.443,Electronics,Latest high-performance electronic device with smart features.,Decent quality but could be improved.,"[0.86, 0.926, 0.025, 0.776, 0.475]",-0.346,-0.658,0.144
U145,P044,view,0.239,Sports,High-quality sports equipment for professionals and beginners.,Decent quality but could be improved.,"[0.402, 0.775, 0.515, 0.399, 0.051]",-0.932,-0.676,-0.252
U071,P007,add_to_cart,0.517,Books,Engaging book with insightful knowledge and storytelling.,Decent quality but could be improved.,"[0.094, 0.847, 0.69, 0.929, 0.719]",-0.309,-0.415,0.269
U181,P076,purchase,0.736,Electronics,Latest high-performance electronic device with smart features.,This product is excellent and exceeded expectations.,"[0.596, 0.0, 0.812, 0.804, 0.654]",-0.641,0.079,0.564
U049,P041,review,0.357,Electronics,Latest high-performance electronic device with smart features.,Decent quality but could be improved.,"[0.217, 0.259, 0.563, 0.855, 0.561]",0.625,0.028,0.533
U098,P048,view,0.163,Beauty,Premium beauty product enhancing personal care.,Decent quality but could be improved.,"[0.531, 0.887, 0.928, 0.533, 0.593]",0.605,-0.653,0.184
U039,P053,add_to_cart,0.602,Beauty,Premium beauty product enhancing personal care.,Decent quality but could be improved.,"[0.899, 0.284, 0.832, 0.702, 0.281]",0.573,-0.223,0.668
U010,P014,review,0.338,Electronics,Latest high-performance electronic device with smart features.,Decent quality but could be improved.,"[0.707, 0.592, 0.623, 0.369, 0.052]",0.052,0.727,0.597
U052,P029,add_to_cart,0.595,Sports,High-quality sports equipment for professionals and beginners.,Decent quality but could be improved.,"[0.778, 0.935, 0.385, 0.672, 0.805]",-0.794,-0.601,0.222
U047,P067,review,0.508,Beauty,Premium beauty product enhancing personal care.,Decent quality but could be improved.,"[0.817, 0.699, 0.497, 0.436, 0.986]",0.925,0.036,0.771
U114,P039,view,0.352,Beauty,Premium beauty product enhancing personal care.,Decent quality but could be improved.,"[0.69, 0.567, 0.541, 0.495, 0.993]",0.132,-0.858,0.11
U034,P046,view,0.138,Books,Engaging book with insightful knowledge and storytelling.,Decent quality but could be improved.,"[0.763, 0.079, 0.047, 0.237, 0.088]",0.637,0.54,0.456
U144,P023,review,0.569,Electronics,Latest high-performance electronic device with smart features.,Decent quality but could be improved.,"[0.078, 0.734, 0.119, 0.543, 0.539]",-0.445,-0.164,0.376
U180,P089,purchase,0.717,Beauty,Premium beauty product enhancing personal care.,This product is excellent and exceeded expectations.,"[0.666, 0.124, 0.63, 0.701, 0.505]",-0.327,-0.958,0.361
U095,P079,view,0.25,Electronics,Latest high-performance electronic device with smart features.,Decent quality but could be improved.,"[0.737, 0.764, 0.176, 0.804, 0.858]",0.621,-0.9,0.13
U113,P055,add_to_cart,0.408,Home,Durable and modern home essentials designed for comfort.,Decent quality but could be improved.,"[0.908, 0.246, 0.17, 0.474, 0.53]",0.381,0.932,0.785
U083,P076,view,0.159,Sports,High-quality sports equipment for professionals and beginners.,Decent quality but could be improved.,"[0.356, 0.894, 0.534, 0.686, 0.674]",0.589,0.297,0.399
U181,P072,view,0.237,Beauty,Premium beauty product enhancing personal care.,Decent quality but could be improved.,"[0.711, 0.604, 0.554, 0.436, 0.487]",-0.466,-0.927,-0.196
U125,P032,review,0.568,Sports,High-quality sports equipment for professionals and beginners.,Decent quality but could be improved.,"[0.653, 0.332, 0.688, 0.958, 0.262]",-0.724,0.345,0.414
U022,P022,view,0.156,Home,Durable and modern home essentials designed for comfort.,Decent quality but could be improved.,"[0.003, 0.182, 0.555, 0.692, 0.983]",-0.316,-0.805,-0.143
U007,P013,add_to_cart,0.621,Fashion,Trendy and stylish fashion apparel for daily wear.,Decent quality but could be improved.,"[0.562, 0.15, 0.017, 0.941, 0.464]",0.487,-0.621,0.623
U181,P028,add_to_cart,0.6,Beauty,Premium beauty product enhancing personal care.,Decent quality but could be improved.,"[0.231, 0.155, 0.935, 0.716, 0.101]",-0.282,-0.819,0.294
U160,P058,review,0.443,Beauty,Premium beauty product enhancing personal care.,Decent quality but could be improved.,"[0.331, 0.646, 0.599, 0.591, 0.501]",0.194,-0.231,0.446
U121,P097,purchase,0.815,Sports,High-quality sports equipment for professionals and beginners.,This product is excellent and exceeded expectations.,"[0.452, 0.083, 0.062, 0.511, 0.313]",0.082,-0.93,0.604
U145,P085,view,0.193,Books,Engaging book with insightful knowledge and storytelling.,Decent quality but could be improved.,"[0.125, 0.441, 0.8, 0.779, 0.933]",0.431,0.0,0.285
U097,P058,add_to_cart,0.633,Fashion,Trendy and stylish fashion apparel for daily wear.,Decent quality but could be improved.,"[0.341, 0.333, 0.372, 0.802, 0.078]",0.161,0.743,0.9
U137,P023,add_to_cart,0.495,Beauty,Premium beauty product enhancing personal care.,Decent quality but could be improved.,"[0.105, 0.842, 0.763, 0.862, 0.796]",0.135,-0.8,0.273
U036,P089,purchase,0.865,Home,Durable and modern home essentials designed for comfort.,This product is excellent and exceeded expectations.,"[0.249, 0.03, 0.516, 0.621, 0.902]",0.466,0.867,1.274
U186,P004,purchase,0.765,Fashion,Trendy and stylish fashion apparel for daily wear.,This product is excellent and exceeded expectations.,"[0.559, 0.494, 0.735, 0.29, 0.909]",0.464,0.381,1.046
U142,P041,review,0.756,Books,Engaging book with insightful knowledge and storytelling.,This product is excellent and exceeded expectations.,"[0.283, 0.361, 0.586, 0.447, 0.135]",-0.759,-0.319,0.424
U161,P040,review,0.841,Electronics,Latest high-performance electronic device with smart features.,This product is excellent and exceeded expectations.,"[0.227, 0.674, 0.516, 0.345, 0.829]",0.288,-0.996,0.653
U122,P018,purchase,0.76,Electronics,Latest high-performance electronic device with smart features.,This product is excellent and exceeded expectations.,"[0.854, 0.247, 0.925, 0.826, 0.076]",-0.521,0.38,0.67
U068,P080,view,0.263,Books,Engaging book with insightful knowledge and storytelling.,Decent quality but could be improved.,"[0.44, 0.787, 0.289, 0.1, 0.892]",0.866,0.249,0.605
U123,P056,add_to_cart,0.539,Fashion,Trendy and stylish fashion apparel for daily wear.,Decent quality but could be improved.,"[0.344, 0.111, 0.196, 0.749, 0.489]",-0.762,0.432,0.429
U163,P033,review,0.632,Fashion,Trendy and stylish fashion apparel for daily wear.,Decent quality but could be improved.,"[0.369, 0.186, 0.725, 0.283, 0.162]",-0.007,-0.435,0.537
U163,P048,view,0.105,Books,Engaging book with insightful knowledge and storytelling.,Decent quality but could be improved.,"[0.496, 0.75, 0.885, 0.995, 0.952]",0.809,0.829,0.581
U124,P062,view,0.367,Beauty,Premium beauty product enhancing personal care.,Decent quality but could be improved.,"[0.187, 0.304, 0.516, 0.464, 0.271]",0.1,0.596,0.604
U079,P009,view,0.24,Books,Engaging book with insightful knowledge and storytelling.,Decent quality but could be improved.,"[0.423, 0.723, 0.16, 0.808, 0.249]",-0.688,0.677,0.269
U017,P088,review,0.817,Beauty,Premium beauty product enhancing personal care.,This product is excellent and exceeded expectations.,"[0.869, 0.085, 0.042, 0.902, 0.13]",-0.741,-0.531,0.452
U147,P082,view,0.114,Electronics,Latest high-performance electronic device with smart features.,Decent quality but could be improved.,"[0.33, 0.503, 0.253, 0.523, 0.557]",-0.931,0.175,-0.123
U175,P040,add_to_cart,0.483,Home,Durable and modern home essentials designed for comfort.,Decent quality but could be improved.,"[0.338, 0.997, 0.586, 0.573, 0.662]",-0.014,0.405,0.568
U161,P093,purchase,0.785,Fashion,Trendy and stylish fashion apparel for daily wear.,This product is excellent and exceeded expectations.,"[0.331, 0.961, 0.821, 0.846, 0.714]",-0.5,0.856,0.881
U123,P062,purchase,0.788,Books,Engaging book with insightful knowledge and storytelling.,This product is excellent and exceeded expectations.,"[0.222, 0.575, 0.907, 0.968, 0.613]",0.551,0.016,0.995
U032,P043,review,0.422,Beauty,Premium beauty product enhancing personal care.,Decent quality but could be improved.,"[0.322, 0.521, 0.071, 0.751, 0.259]",-0.662,-0.868,0.006
U129,P100,view,0.146,Books,Engaging book with insightful knowledge and storytelling.,Decent quality but could be improved.,"[0.667, 0.683, 0.431, 0.901, 0.975]",-0.521,0.757,0.226
U041,P080,review,0.733,Fashion,Trendy and stylish fashion apparel for daily wear.,This product is excellent and exceeded expectations.,"[0.531, 0.529, 0.286, 0.345, 0.724]",-0.389,-0.394,0.498
U134,P019,review,0.59,Books,Engaging book with insightful knowledge and storytelling.,Decent quality but could be improved.,"[0.78, 0.933, 0.679, 0.847, 0.976]",-0.722,0.568,0.545
U051,P084,add_to_cart,0.62,Beauty,Premium beauty product enhancing personal care.,Decent quality but could be improved.,"[0.047, 0.824, 0.758, 0.655, 0.921]",-0.835,-0.116,0.361
U020,P040,view,0.16,Books,Engaging book with insightful knowledge and storytelling.,Decent quality but could be improved.,"[0.513, 0.752, 0.585, 0.128, 0.047]",0.193,-0.587,0.063
U079,P060,review,0.399,Electronics,Latest high-performance electronic device with smart features.,Decent quality but could be improved.,"[0.031, 0.923, 0.079, 0.343, 0.186]",-0.266,1.0,0.649
U104,P068,purchase,0.767,Home,Durable and modern home essentials designed for comfort.,This product is excellent and exceeded expectations.,"[0.563, 0.925, 0.484, 0.762, 0.058]",0.298,0.594,1.008
U049,P088,review,0.468,Beauty,Premium beauty product enhancing personal care.,Decent quality but could be improved.,"[0.099, 0.015, 0.127, 0.458, 0.052]",-0.217,0.247,0.445
U030,P100,purchase,0.854,Home,Durable and modern home essentials designed for comfort.,This product is excellent and exceeded expectations.,"[0.798, 0.8, 0.574, 0.467, 0.446]",0.639,0.85,1.346
U020,P039,add_to_cart,0.507,Sports,High-quality sports equipment for professionals and beginners.,Decent quality but could be improved.,"[0.544, 0.424, 0.181, 0.993, 0.852]",-0.666,-0.843,0.07
U162,P017,add_to_cart,0.654,Fashion,Trendy and stylish fashion apparel for daily wear.,Decent quality but could be improved.,"[0.048, 0.873, 0.266, 0.964, 0.33]",-0.987,-0.196,0.255
U141,P071,view,0.364,Sports,High-quality sports equipment for professionals and beginners.,Decent quality but could be improved.,"[0.404, 0.154, 0.656, 0.678, 0.63]",0.206,-0.07,0.395
U063,P083,view,0.233,Home,Durable and modern home essentials designed for comfort.,Decent quality but could be improved.,"[0.754, 0.749, 0.253, 0.202, 0.433]",-0.841,0.394,0.134
U015,P057,view,0.282,Home,Durable and modern home essentials designed for comfort.,Decent quality but could be improved.,"[0.743, 0.086, 0.577, 0.367, 0.812]",0.964,0.588,0.771
U132,P095,purchase,0.993,Sports,High-quality sports equipment for professionals and beginners.,This product is excellent and exceeded expectations.,"[0.965, 0.491, 0.026, 0.749, 0.405]",0.167,0.028,1.073
U123,P020,purchase,0.781,Electronics,Latest high-performance electronic device with smart features.,This product is excellent and exceeded expectations.,"[0.76, 0.238, 0.682, 0.016, 0.99]",0.121,0.63,1.003
U120,P085,purchase,0.923,Books,Engaging book with insightful knowledge and storytelling.,This product is excellent and exceeded expectations.,"[0.283, 0.84, 0.997, 0.517, 0.076]",0.931,-0.417,1.049
U164,P001,add_to_cart,0.536,Sports,High-quality sports equipment for professionals and beginners.,Decent quality but could be improved.,"[0.883, 0.029, 0.957, 0.082, 0.709]",-0.07,-0.357,0.433
U191,P019,add_to_cart,0.516,Fashion,Trendy and stylish fashion apparel for daily wear.,Decent quality but could be improved.,"[0.785, 0.957, 0.046, 0.676, 0.832]",-0.615,-0.94,0.049
U101,P062,view,0.137,Sports,High-quality sports equipment for professionals and beginners.,Decent quality but could be improved.,"[0.012, 0.648, 0.445, 0.636, 0.994]",-0.863,0.45,0.048
U003,P067,view,0.107,Sports,High-quality sports equipment for professionals and beginners.,Decent quality but could be improved.,"[0.15, 0.458, 0.159, 0.364, 0.478]",0.566,0.584,0.453
U088,P085,review,0.35,Fashion,Trendy and stylish fashion apparel for daily wear.,Decent quality but could be improved.,"[0.646, 0.535, 0.489, 0.006, 0.863]",-0.051,0.292,0.435
U187,P011,purchase,0.983,Books,Engaging book with insightful knowledge and storytelling.,This product is excellent and exceeded expectations.,"[0.132, 0.439, 0.626, 0.989, 0.251]",-0.74,-0.439,0.612
U035,P036,add_to_cart,0.508,Fashion,Trendy and stylish fashion apparel for daily wear.,Decent quality but could be improved.,"[0.693, 0.69, 0.614, 0.258, 0.823]",-0.196,-0.829,0.203
U152,P008,purchase,0.965,Books,Engaging book with insightful knowledge and storytelling.,This product is excellent and exceeded expectations.,"[0.629, 0.191, 0.672, 0.044, 0.051]",-0.916,-0.2,0.606
U015,P072,purchase,0.886,Sports,High-quality sports equipment for professionals and beginners.,This product is excellent and exceeded expectations.,"[0.452, 0.547, 0.331, 0.385, 0.748]",0.553,0.675,1.287
U169,P066,add_to_cart,0.688,Home,Durable and modern home essentials designed for comfort.,Decent quality but could be improved.,"[0.326, 0.572, 0.659, 0.541, 0.404]",0.722,0.534,1.045
U115,P008,purchase,0.98,Sports,High-quality sports equipment for professionals and beginners.,This product is excellent and exceeded expectations.,"[0.735, 0.057, 0.033, 0.643, 0.04]",0.108,0.044,1.072
U016,P056,add_to_cart,0.451,Books,Engaging book with insightful knowledge and storytelling.,Decent quality but could be improved.,"[0.636, 0.646, 0.928, 0.238, 0.881]",0.75,0.797,0.949
U036,P003,review,0.509,Beauty,Premium beauty product enhancing personal care.,Decent quality but could be improved.,"[0.704, 0.281, 0.253, 0.833, 0.373]",0.985,0.632,0.969
U194,P056,view,0.314,Fashion,Trendy and stylish fashion apparel for daily wear.,Decent quality but could be improved.,"[0.07, 0.947, 0.151, 0.332, 0.054]",0.608,-0.76,0.305
U125,P044,purchase,0.852,Sports,High-quality sports equipment for professionals and beginners.,This product is excellent and exceeded expectations.,"[0.22, 0.152, 0.764, 0.284, 0.557]",0.449,0.226,1.018
U044,P006,add_to_cart,0.655,Books,Engaging book with insightful knowledge and storytelling.,Decent quality but could be improved.,"[0.463, 0.466, 0.501, 0.223, 0.188]",0.645,0.074,0.872
U077,P093,purchase,0.877,Electronics,Latest high-performance electronic device with smart features.,This product is excellent and exceeded expectations.,"[0.328, 0.634, 0.333, 0.402, 0.165]",-0.935,-0.494,0.469
U162,P077,add_to_cart,0.6,Fashion,Trendy and stylish fashion apparel for daily wear.,Decent quality but could be improved.,"[0.242, 0.574, 0.905, 0.002, 0.873]",0.762,-0.729,0.574
U019,P013,add_to_cart,0.409,Sports,High-quality sports equipment for professionals and beginners.,Decent quality but could be improved.,"[0.677, 0.102, 0.146, 0.295, 0.969]",-0.019,0.283,0.488
U122,P054,purchase,0.703,Electronics,Latest high-performance electronic device with smart features.,This product is excellent and exceeded expectations.,"[0.722, 0.703, 0.355, 0.005, 0.682]",0.229,0.77,0.963
U025,P052,review,0.668,Home,Durable and modern home essentials designed for comfort.,Decent quality but could be improved.,"[0.9, 0.911, 0.033, 0.764, 0.974]",-0.553,-0.414,0.387
U083,P026,view,0.316,Electronics,Latest high-performance electronic device with smart features.,Decent quality but could be improved.,"[0.489, 0.65, 0.642, 0.353, 0.793]",0.974,0.793,0.798
U058,P077,purchase,0.721,Home,Durable and modern home essentials designed for comfort.,This product is excellent and exceeded expectations.,"[0.652, 0.624, 0.047, 0.602, 0.121]",-0.985,-0.691,0.214
U030,P075,review,0.483,Home,Durable and modern home essentials designed for comfort.,Decent quality but could be improved.,"[0.02, 0.884, 0.551, 0.617, 0.457]",0.42,0.884,0.83
U022,P045,view,0.206,Books,Engaging book with insightful knowledge and storytelling.,Decent quality but could be improved.,"[0.754, 0.545, 0.583, 0.379, 0.465]",0.612,-0.292,0.264
U084,P054,purchase,0.729,Fashion,Trendy and stylish fashion apparel for daily wear.,This product is excellent and exceeded expectations.,"[0.426, 0.967, 0.414, 0.063, 0.277]",0.192,-0.892,0.524
U100,P066,view,0.264,Beauty,Premium beauty product enhancing personal care.,Decent quality but could be improved.,"[0.772, 0.784, 0.694, 0.702, 0.617]",-0.74,0.867,0.302
U073,P027,purchase,0.987,Books,Engaging book with insightful knowledge and storytelling.,This product is excellent and exceeded expectations.,"[0.139, 0.977, 0.462, 0.037, 0.443]",0.513,0.421,1.278
U132,P082,purchase,0.73,Books,Engaging book with insightful knowledge and storytelling.,This product is excellent and exceeded expectations.,"[0.056, 0.597, 0.623, 0.475, 0.974]",0.705,0.17,0.996
U133,P026,review,0.364,Books,Engaging book with insightful knowledge and storytelling.,Decent quality but could be improved.,"[0.323, 0.07, 0.198, 0.223, 0.678]",0.952,0.693,0.848
U019,P094,purchase,0.849,Electronics,Latest high-performance electronic device with smart features.,This product is excellent and exceeded expectations.,"[0.182, 0.25, 0.108, 0.281, 0.758]",-0.855,0.109,0.63
U170,P076,add_to_cart,0.536,Electronics,Latest high-performance electronic device with smart features.,Decent quality but could be improved.,"[0.853, 0.971, 0.753, 0.184, 0.852]",-0.991,-0.541,0.047
U102,P077,add_to_cart,0.518,Books,Engaging book with insightful knowledge and storytelling.,Decent quality but could be improved.,"[0.989, 0.444, 0.381, 0.6, 0.816]",-0.247,-0.713,0.25
U134,P028,review,0.576,Beauty,Premium beauty product enhancing personal care.,Decent quality but could be improved.,"[0.746, 0.838, 0.75, 0.555, 0.474]",0.505,0.413,0.834
U148,P019,purchase,0.824,Home,Durable and modern home essentials designed for comfort.,This product is excellent and exceeded expectations.,"[0.473, 0.211, 0.684, 0.764, 0.318]",-0.758,0.236,0.656
U012,P043,view,0.157,Fashion,Trendy and stylish fashion apparel for daily wear.,Decent quality but could be improved.,"[0.388, 0.959, 0.319, 0.645, 0.82]",-0.896,-0.807,-0.395
U039,P069,view,0.167,Sports,High-quality sports equipment for professionals and beginners.,Decent quality but could be improved.,"[0.412, 0.97, 0.707, 0.704, 0.788]",-0.635,-0.064,-0.079
U014,P075,review,0.434,Sports,High-quality sports equipment for professionals and beginners.,Decent quality but could be improved.,"[0.304, 0.215, 0.979, 0.884, 0.494]",0.522,0.085,0.621
U016,P084,purchase,0.908,Home,Durable and modern home essentials designed for comfort.,This product is excellent and exceeded expectations.,"[0.595, 0.379, 0.48, 0.342, 0.283]",0.618,0.365,1.202
U179,P024,review,0.8,Books,Engaging book with insightful knowledge and storytelling.,This product is excellent and exceeded expectations.,"[0.746, 0.906, 0.618, 0.677, 0.105]",0.157,0.534,0.969
U039,P002,review,0.686,Electronics,Latest high-performance electronic device with smart features.,Decent quality but could be improved.,"[0.416, 0.164, 0.822, 0.912, 0.58]",0.392,0.587,0.977
U140,P051,view,0.374,Sports,High-quality sports equipment for professionals and beginners.,Decent quality but could be improved.,"[0.148, 0.856, 0.545, 0.148, 0.614]",0.951,-0.291,0.568
U163,P060,add_to_cart,0.672,Books,Engaging book with insightful knowledge and storytelling.,Decent quality but could be improved.,"[0.7, 0.859, 0.672, 0.135, 0.133]",-0.402,0.746,0.822
U073,P041,review,0.741,Beauty,Premium beauty product enhancing personal care.,This product is excellent and exceeded expectations.,"[0.914, 0.646, 0.495, 0.463, 0.001]",-0.091,0.03,0.686
U008,P048,add_to_cart,0.494,Books,Engaging book with insightful knowledge and storytelling.,Decent quality but could be improved.,"[0.261, 0.657, 0.118, 0.978, 0.845]",0.733,-0.041,0.678
U166,P070,view,0.3,Sports,High-quality sports equipment for professionals and beginners.,Decent quality but could be improved.,"[0.888, 0.982, 0.54, 0.917, 0.907]",0.939,0.614,0.781
U178,P050,add_to_cart,0.458,Electronics,Latest high-performance electronic device with smart features.,Decent quality but could be improved.,"[0.453, 0.023, 0.901, 0.224, 0.991]",0.831,0.489,0.893
U197,P059,review,0.389,Beauty,Premium beauty product enhancing personal care.,Decent quality but could be improved.,"[0.54, 0.026, 0.949, 0.597, 0.082]",0.672,-0.131,0.601
U177,P092,review,0.795,Beauty,Premium beauty product enhancing personal care.,This product is excellent and exceeded expectations.,"[0.222, 0.109, 0.995, 0.736, 0.811]",-0.107,0.4,0.907
U041,P046,review,0.807,Home,Durable and modern home essentials designed for comfort.,This product is excellent and exceeded expectations.,"[0.658, 0.575, 0.86, 0.701, 0.345]",-0.618,0.371,0.686
U002,P010,add_to_cart,0.452,Books,Engaging book with insightful knowledge and storytelling.,Decent quality but could be improved.,"[0.375, 0.037, 0.03, 0.156, 0.489]",-0.03,-0.219,0.362
U037,P086,view,0.202,Sports,High-quality sports equipment for professionals and beginners.,Decent quality but could be improved.,"[0.051, 0.751, 0.728, 0.452, 0.423]",0.599,-0.245,0.293
U187,P005,review,0.452,Books,Engaging book with insightful knowledge and storytelling.,Decent quality but could be improved.,"[0.322, 0.044, 0.354, 0.435, 0.1]",-0.337,-0.855,0.137
U054,P052,view,0.202,Fashion,Trendy and stylish fashion apparel for daily wear.,Decent quality but could be improved.,"[0.782, 0.543, 0.651, 0.737, 0.372]",-0.376,-0.176,0.023
U169,P011,view,0.257,Home,Durable and modern home essentials designed for comfort.,Decent quality but could be improved.,"[0.04, 0.878, 0.659, 0.423, 0.615]",-0.233,-0.93,-0.064
U054,P076,add_to_cart,0.494,Fashion,Trendy and stylish fashion apparel for daily wear.,Decent quality but could be improved.,"[0.082, 0.523, 0.007, 0.552, 0.987]",-0.28,-0.146,0.337
U018,P024,add_to_cart,0.598,Home,Durable and modern home essentials designed for comfort.,Decent quality but could be improved.,"[0.65, 0.037, 0.081, 0.864, 0.84]",0.305,0.184,0.716
U122,P057,view,0.231,Fashion,Trendy and stylish fashion apparel for daily wear.,Decent quality but could be improved.,"[0.945, 0.264, 0.632, 0.254, 0.227]",-0.535,-0.916,-0.205
U028,P040,review,0.369,Beauty,Premium beauty product enhancing personal care.,Decent quality but could be improved.,"[0.29, 0.961, 0.156, 0.087, 0.651]",0.397,0.347,0.599
U150,P019,review,0.521,Sports,High-quality sports equipment for professionals and beginners.,Decent quality but could be improved.,"[0.462, 0.202, 0.652, 0.761, 0.304]",-0.021,0.37,0.624
U145,P006,purchase,0.722,Books,Engaging book with insightful knowledge and storytelling.,This product is excellent and exceeded expectations.,"[0.797, 0.369, 0.591, 0.674, 0.407]",0.244,0.021,0.836
U151,P004,purchase,0.9,Beauty,Premium beauty product enhancing personal care.,This product is excellent and exceeded expectations.,"[0.082, 0.44, 0.907, 0.988, 0.512]",-0.775,-0.782,0.438
U018,P045,purchase,0.879,Fashion,Trendy and stylish fashion apparel for daily wear.,This product is excellent and exceeded expectations.,"[0.246, 0.361, 0.841, 0.165, 0.846]",0.283,-0.881,0.678
U157,P094,view,0.187,Electronics,Latest high-performance electronic device with smart features.,Decent quality but could be improved.,"[0.986, 0.097, 0.927, 0.359, 0.587]",-0.887,-0.67,-0.321
U137,P090,review,0.498,Home,Durable and modern home essentials designed for comfort.,Decent quality but could be improved.,"[0.413, 0.737, 0.944, 0.833, 0.087]",0.037,0.432,0.638
U152,P043,view,0.299,Books,Engaging book with insightful knowledge and storytelling.,Decent quality but could be improved.,"[0.459, 0.072, 0.594, 0.934, 0.161]",-0.116,0.082,0.282
U020,P070,add_to_cart,0.655,Beauty,Premium beauty product enhancing personal care.,Decent quality but could be improved.,"[0.663, 0.347, 0.086, 0.036, 0.213]",-0.038,0.196,0.712
U042,P056,add_to_cart,0.652,Books,Engaging book with insightful knowledge and storytelling.,Decent quality but could be improved.,"[0.67, 0.487, 0.659, 0.219, 0.662]",0.415,0.105,0.833
U187,P037,add_to_cart,0.407,Beauty,Premium beauty product enhancing personal care.,Decent quality but could be improved.,"[0.094, 0.723, 0.115, 0.811, 0.101]",-0.865,-0.107,0.093
U003,P089,purchase,0.841,Books,Engaging book with insightful knowledge and storytelling.,This product is excellent and exceeded expectations.,"[0.922, 0.627, 0.945, 0.751, 0.857]",0.696,0.961,1.296
U046,P007,add_to_cart,0.59,Fashion,Trendy and stylish fashion apparel for daily wear.,Decent quality but could be improved.,"[0.138, 0.685, 0.08, 0.912, 0.329]",-0.123,0.322,0.696
U100,P051,view,0.298,Electronics,Latest high-performance electronic device with smart features.,Decent quality but could be improved.,"[0.243, 0.512, 0.972, 0.4, 0.093]",0.491,-0.739,0.202
U150,P075,add_to_cart,0.422,Sports,High-quality sports equipment for professionals and beginners.,Decent quality but could be improved.,"[0.746, 0.618, 0.47, 0.241, 0.134]",0.543,0.713,0.756
U149,P062,add_to_cart,0.617,Beauty,Premium beauty product enhancing personal care.,Decent quality but could be improved.,"[0.803, 0.952, 0.952, 0.229, 0.519]",-0.876,0.305,0.478
U139,P068,review,0.481,Beauty,Premium beauty product enhancing personal care.,Decent quality but could be improved.,"[0.128, 0.237, 0.625, 0.285, 0.166]",0.936,0.547,0.914
U033,P030,review,0.79,Electronics,Latest high-performance electronic device with smart features.,This product is excellent and exceeded expectations.,"[0.945, 0.938, 0.192, 0.286, 0.345]",-0.211,-0.541,0.557
U048,P055,review,0.507,Beauty,Premium beauty product enhancing personal care.,Decent quality but could be improved.,"[0.599, 0.825, 0.271, 0.51, 0.54]",-0.552,0.204,0.389
U108,P092,purchase,0.918,Sports,High-quality sports equipment for professionals and beginners.,This product is excellent and exceeded expectations.,"[0.763, 0.238, 0.552, 0.037, 0.686]",0.016,0.556,1.133
U037,P054,add_to_cart,0.448,Electronics,Latest high-performance electronic device with smart features.,Decent quality but could be improved.,"[0.919, 0.951, 0.432, 0.326, 0.879]",0.372,0.154,0.619
U100,P020,purchase,0.942,Books,Engaging book with insightful knowledge and storytelling.,This product is excellent and exceeded expectations.,"[0.579, 0.106, 0.632, 0.645, 0.802]",0.194,0.959,1.332
U147,P082,add_to_cart,0.506,Fashion,Trendy and stylish fashion apparel for daily wear.,Decent quality but could be improved.,"[0.206, 0.506, 0.161, 0.977, 0.227]",-0.721,0.596,0.464
U179,P072,view,0.174,Electronics,Latest high-performance electronic device with smart features.,Decent quality but could be improved.,"[0.589, 0.155, 0.425, 0.251, 0.832]",0.443,-0.002,0.329
U189,P035,purchase,0.788,Beauty,Premium beauty product enhancing personal care.,This product is excellent and exceeded expectations.,"[0.387, 0.339, 0.853, 0.444, 0.039]",-0.973,0.559,0.655
U096,P030,purchase,0.716,Home,Durable and modern home essentials designed for comfort.,This product is excellent and exceeded expectations.,"[0.574, 0.996, 0.483, 0.602, 0.231]",0.057,0.679,0.91
U134,P006,purchase,0.82,Home,Durable and modern home essentials designed for comfort.,This product is excellent and exceeded expectations.,"[0.47, 0.124, 0.765, 0.671, 0.562]",0.551,0.049,1.013
U109,P072,add_to_cart,0.55,Books,Engaging book with insightful knowledge and storytelling.,Decent quality but could be improved.,"[0.116, 0.972, 0.121, 0.644, 0.134]",0.418,-0.023,0.695
U089,P014,add_to_cart,0.665,Electronics,Latest high-performance electronic device with smart features.,Decent quality but could be improved.,"[0.954, 0.112, 0.256, 0.465, 0.109]",-0.105,0.255,0.758
U129,P035,view,0.236,Home,Durable and modern home essentials designed for comfort.,Decent quality but could be improved.,"[0.628, 0.846, 0.508, 0.331, 0.603]",0.94,-0.714,0.257
U178,P084,add_to_cart,0.671,Fashion,Trendy and stylish fashion apparel for daily wear.,Decent quality but could be improved.,"[0.071, 0.766, 0.605, 0.148, 0.881]",0.94,-0.092,0.895
U173,P079,review,0.371,Electronics,Latest high-performance electronic device with smart features.,Decent quality but could be improved.,"[0.568, 0.817, 0.33, 0.93, 0.125]",-0.525,0.994,0.54
U092,P003,review,0.817,Books,Engaging book with insightful knowledge and storytelling.,This product is excellent and exceeded expectations.,"[0.706, 0.782, 0.855, 0.851, 0.283]",-0.236,0.055,0.787
U137,P044,add_to_cart,0.427,Sports,High-quality sports equipment for professionals and beginners.,Decent quality but could be improved.,"[0.368, 0.745, 0.448, 0.126, 0.969]",-0.668,-0.305,0.145
U151,P033,view,0.255,Sports,High-quality sports equipment for professionals and beginners.,Decent quality but could be improved.,"[0.706, 0.05, 0.938, 0.843, 0.372]",0.039,0.215,0.372
U112,P097,add_to_cart,0.69,Sports,High-quality sports equipment for professionals and beginners.,Decent quality but could be improved.,"[0.012, 0.727, 0.854, 0.372, 0.742]",0.695,-0.284,0.8
U040,P001,purchase,0.899,Home,Durable and modern home essentials designed for comfort.,This product is excellent and exceeded expectations.,"[0.055, 0.771, 0.725, 0.213, 0.457]",0.158,-0.335,0.808
U097,P085,add_to_cart,0.525,Fashion,Trendy and stylish fashion apparel for daily wear.,Decent quality but could be improved.,"[0.691, 0.17, 0.541, 0.37, 0.802]",-0.977,0.334,0.358
U164,P001,view,0.166,Books,Engaging book with insightful knowledge and storytelling.,Decent quality but could be improved.,"[0.431, 0.622, 0.057, 0.981, 0.028]",-0.702,-0.252,-0.108
U120,P060,review,0.799,Sports,High-quality sports equipment for professionals and beginners.,This product is excellent and exceeded expectations.,"[0.371, 0.968, 0.701, 0.186, 0.028]",0.816,0.225,1.093
U067,P087,review,0.624,Sports,High-quality sports equipment for professionals and beginners.,Decent quality but could be improved.,"[0.461, 0.585, 0.261, 0.682, 0.824]",-0.601,0.696,0.618
U074,P053,purchase,0.709,Beauty,Premium beauty product enhancing personal care.,This product is excellent and exceeded expectations.,"[0.181, 0.073, 0.348, 0.704, 0.824]",0.966,0.418,1.143
U158,P085,add_to_cart,0.569,Sports,High-quality sports equipment for professionals and beginners.,Decent quality but could be improved.,"[0.983, 0.849, 0.684, 0.481, 0.43]",0.63,0.845,1.028
U146,P011,purchase,0.734,Electronics,Latest high-performance electronic device with smart features.,This product is excellent and exceeded expectations.,"[0.732, 0.378, 0.381, 0.174, 0.626]",0.135,0.917,1.06
U065,P011,purchase,0.971,Electronics,Latest high-performance electronic device with smart features.,This product is excellent and exceeded expectations.,"[0.608, 0.445, 0.626, 0.015, 0.521]",-0.474,-0.492,0.635
U067,P054,purchase,0.759,Books,Engaging book with insightful knowledge and storytelling.,This product is excellent and exceeded expectations.,"[0.855, 0.392, 0.506, 0.861, 0.457]",-0.129,-0.035,0.684
U035,P097,view,0.213,Books,Engaging book with insightful knowledge and storytelling.,Decent quality but could be improved.,"[0.028, 0.572, 0.282, 0.805, 0.234]",0.088,0.747,0.495
U059,P021,purchase,0.76,Sports,High-quality sports equipment for professionals and beginners.,This product is excellent and exceeded expectations.,"[0.103, 0.594, 0.885, 0.109, 0.839]",0.318,-0.264,0.785
U050,P044,view,0.142,Books,Engaging book with insightful knowledge and storytelling.,Decent quality but could be improved.,"[0.282, 0.869, 0.186, 0.658, 0.384]",-0.673,-0.598,-0.269
U050,P044,purchase,0.978,Beauty,Premium beauty product enhancing personal care.,This product is excellent and exceeded expectations.,"[0.787, 0.636, 0.087, 0.187, 0.58]",0.864,-0.255,1.173
U174,P100,add_to_cart,0.427,Electronics,Latest high-performance electronic device with smart features.,Decent quality but could be improved.,"[0.846, 0.556, 0.279, 0.432, 0.36]",-0.65,-0.287,0.136
U051,P047,purchase,0.89,Beauty,Premium beauty product enhancing personal care.,This product is excellent and exceeded expectations.,"[0.132, 0.359, 0.307, 0.229, 0.515]",-0.598,0.187,0.792
U030,P026,view,0.342,Fashion,Trendy and stylish fashion apparel for daily wear.,Decent quality but could be improved.,"[0.778, 0.028, 0.708, 0.043, 0.598]",-0.999,-0.277,-0.038
U060,P057,view,0.163,Home,Durable and modern home essentials designed for comfort.,Decent quality but could be improved.,"[0.571, 0.624, 0.715, 0.752, 0.278]",-0.094,0.374,0.26
U192,P034,purchase,0.8,Beauty,Premium beauty product enhancing personal care.,This product is excellent and exceeded expectations.,"[0.9, 0.301, 0.096, 0.925, 0.318]",0.419,0.608,1.145
U177,P004,view,0.244,Electronics,Latest high-performance electronic device with smart features.,Decent quality but could be improved.,"[0.936, 0.517, 0.733, 0.55, 0.342]",-0.419,-0.772,-0.105
U091,P042,add_to_cart,0.459,Sports,High-quality sports equipment for professionals and beginners.,Decent quality but could be improved.,"[0.655, 0.035, 0.606, 0.627, 0.263]",0.487,0.478,0.789
U047,P097,review,0.735,Electronics,Latest high-performance electronic device with smart features.,This product is excellent and exceeded expectations.,"[0.284, 0.988, 0.557, 0.76, 0.356]",0.672,-0.798,0.739
U138,P070,add_to_cart,0.414,Beauty,Premium beauty product enhancing personal care.,Decent quality but could be improved.,"[0.937, 0.918, 0.759, 0.406, 0.847]",-0.598,-0.328,0.155
U013,P035,view,0.332,Fashion,Trendy and stylish fashion apparel for daily wear.,Decent quality but could be improved.,"[0.009, 0.788, 0.837, 0.146, 0.1]",-0.334,-0.248,0.148
U090,P006,view,0.298,Fashion,Trendy and stylish fashion apparel for daily wear.,Decent quality but could be improved.,"[0.759, 0.53, 0.818, 0.207, 0.183]",0.748,-0.237,0.404
U029,P060,add_to_cart,0.503,Beauty,Premium beauty product enhancing personal care.,Decent quality but could be improved.,"[0.75, 0.212, 0.279, 0.952, 0.95]",-0.487,-0.354,0.225
U175,P043,add_to_cart,0.541,Books,Engaging book with insightful knowledge and storytelling.,Decent quality but could be improved.,"[0.618, 0.265, 0.195, 0.184, 0.53]",-0.316,-0.326,0.388
U092,P046,add_to_cart,0.596,Home,Durable and modern home essentials designed for comfort.,Decent quality but could be improved.,"[0.506, 0.484, 0.747, 0.27, 0.76]",0.434,-0.408,0.572
U086,P067,view,0.132,Electronics,Latest high-performance electronic device with smart features.,Decent quality but could be improved.,"[0.831, 0.839, 0.744, 0.393, 0.49]",-0.081,0.793,0.343
U172,P006,purchase,0.739,Home,Durable and modern home essentials designed for comfort.,This product is excellent and exceeded expectations.,"[0.499, 0.773, 0.891, 0.373, 0.861]",0.887,0.477,1.143
U083,P067,purchase,0.824,Sports,High-quality sports equipment for professionals and beginners.,This product is excellent and exceeded expectations.,"[0.619, 0.644, 0.927, 0.723, 0.199]",0.169,-0.334,0.798
U182,P040,purchase,0.859,Electronics,Latest high-performance electronic device with smart features.,This product is excellent and exceeded expectations.,"[0.335, 0.312, 0.703, 0.087, 0.626]",0.496,0.648,1.211
U011,P083,view,0.184,Books,Engaging book with insightful knowledge and storytelling.,Decent quality but could be improved.,"[0.571, 0.53, 0.351, 0.585, 0.685]",0.491,0.0,0.312
U090,P073,view,0.239,Sports,High-quality sports equipment for professionals and beginners.,Decent quality but could be improved.,"[0.646, 0.668, 0.823, 0.639, 0.345]",0.795,0.352,0.587
U061,P063,purchase,0.858,Home,Durable and modern home essentials designed for comfort.,This product is excellent and exceeded expectations.,"[0.627, 0.5, 0.941, 0.016, 0.696]",-0.582,-0.072,0.626
U005,P095,purchase,0.797,Beauty,Premium beauty product enhancing personal care.,This product is excellent and exceeded expectations.,"[0.312, 0.021, 0.235, 0.261, 0.974]",0.123,-0.127,0.805
U022,P024,review,0.635,Fashion,Trendy and stylish fashion apparel for daily wear.,Decent quality but could be improved.,"[0.334, 0.213, 0.272, 0.537, 0.042]",-0.7,0.023,0.431
U173,P041,review,0.321,Fashion,Trendy and stylish fashion apparel for daily wear.,Decent quality but could be improved.,"[0.738, 0.121, 0.605, 0.116, 0.903]",-0.869,0.721,0.297
U198,P017,add_to_cart,0.594,Fashion,Trendy and stylish fashion apparel for daily wear.,Decent quality but could be improved.,"[0.159, 0.467, 0.436, 0.99, 0.051]",-0.384,0.864,0.78
U122,P032,add_to_cart,0.557,Electronics,Latest high-performance electronic device with smart features.,Decent quality but could be improved.,"[0.356, 0.185, 0.68, 0.692, 0.752]",0.511,0.561,0.874
U159,P094,add_to_cart,0.593,Beauty,Premium beauty product enhancing personal care.,Decent quality but could be improved.,"[0.776, 0.188, 0.781, 0.849, 0.26]",0.182,0.298,0.758
U072,P088,review,0.464,Books,Engaging book with insightful knowledge and storytelling.,Decent quality but could be improved.,"[0.317, 0.737, 0.273, 0.672, 0.588]",0.853,-0.738,0.456
U177,P060,review,0.438,Books,Engaging book with insightful knowledge and storytelling.,Decent quality but could be improved.,"[0.68, 0.525, 0.245, 0.998, 0.223]",-0.484,-0.796,0.036
U166,P026,view,0.12,Books,Engaging book with insightful knowledge and storytelling.,Decent quality but could be improved.,"[0.101, 0.908, 0.552, 0.87, 0.233]",0.09,-0.625,-0.088
U048,P067,add_to_cart,0.42,Fashion,Trendy and stylish fashion apparel for daily wear.,Decent quality but could be improved.,"[0.531, 0.292, 0.533, 0.003, 0.629]",0.036,-0.802,0.16
U099,P062,review,0.641,Electronics,Latest high-performance electronic device with smart features.,Decent quality but could be improved.,"[0.014, 0.523, 0.91, 0.002, 0.581]",-0.178,-0.698,0.339
U115,P055,review,0.33,Fashion,Trendy and stylish fashion apparel for daily wear.,Decent quality but could be improved.,"[0.427, 0.027, 0.815, 0.207, 0.651]",0.374,-0.788,0.229
U016,P058,purchase,0.769,Beauty,Premium beauty product enhancing personal care.,This product is excellent and exceeded expectations.,"[0.62, 0.608, 0.724, 0.501, 0.92]",-0.785,-0.78,0.313
U131,P079,purchase,0.944,Beauty,Premium beauty product enhancing personal care.,This product is excellent and exceeded expectations.,"[0.654, 0.343, 0.463, 0.701, 0.601]",0.23,-0.373,0.949
U188,P064,purchase,0.925,Books,Engaging book with insightful knowledge and storytelling.,This product is excellent and exceeded expectations.,"[0.153, 0.229, 0.321, 0.422, 0.715]",-0.955,-0.738,0.401
U035,P095,review,0.56,Electronics,Latest high-performance electronic device with smart features.,Decent quality but could be improved.,"[0.245, 0.641, 0.365, 0.639, 0.265]",0.526,-0.857,0.478
U011,P088,review,0.731,Books,Engaging book with insightful knowledge and storytelling.,This product is excellent and exceeded expectations.,"[0.71, 0.711, 0.915, 0.54, 0.409]",0.633,-0.404,0.816
U070,P044,review,0.89,Electronics,Latest high-performance electronic device with smart features.,This product is excellent and exceeded expectations.,"[0.113, 0.595, 0.744, 0.175, 0.548]",-0.731,0.14,0.706
U096,P064,review,0.758,Fashion,Trendy and stylish fashion apparel for daily wear.,This product is excellent and exceeded expectations.,"[0.996, 0.268, 0.332, 0.299, 0.911]",-0.644,-0.14,0.505
U029,P066,review,0.329,Sports,High-quality sports equipment for professionals and beginners.,Decent quality but could be improved.,"[0.208, 0.264, 0.352, 0.751, 0.97]",-0.011,-0.191,0.236
U091,P052,purchase,0.984,Electronics,Latest high-performance electronic device with smart features.,This product is excellent and exceeded expectations.,"[0.041, 0.594, 0.962, 0.32, 0.167]",0.58,-0.959,0.827
U062,P021,review,0.635,Beauty,Premium beauty product enhancing personal care.,Decent quality but could be improved.,"[0.866, 0.75, 0.133, 0.075, 0.9]",0.88,0.086,0.883
U091,P073,review,0.502,Books,Engaging book with insightful knowledge and storytelling.,Decent quality but could be improved.,"[0.662, 0.273, 0.001, 0.798, 0.118]",0.543,0.281,0.712
U170,P061,add_to_cart,0.626,Sports,High-quality sports equipment for professionals and beginners.,Decent quality but could be improved.,"[0.72, 0.187, 0.639, 0.502, 0.459]",-0.357,-0.366,0.452
U082,P080,add_to_cart,0.473,Home,Durable and modern home essentials designed for comfort.,Decent quality but could be improved.,"[0.589, 0.927, 0.463, 0.883, 0.316]",-0.412,0.215,0.434
U006,P076,purchase,0.912,Home,Durable and modern home essentials designed for comfort.,This product is excellent and exceeded expectations.,"[0.076, 0.958, 0.47, 0.772, 0.63]",-0.895,-0.875,0.357
U149,P032,review,0.594,Books,Engaging book with insightful knowledge and storytelling.,Decent quality but could be improved.,"[0.93, 0.689, 0.61, 0.08, 0.215]",-0.892,0.982,0.584
U096,P064,review,0.55,Beauty,Premium beauty product enhancing personal care.,Decent quality but could be improved.,"[0.375, 0.322, 0.49, 0.378, 0.789]",0.278,0.302,0.747
U050,P032,review,0.451,Sports,High-quality sports equipment for professionals and beginners.,Decent quality but could be improved.,"[0.033, 0.508, 0.121, 0.354, 0.994]",-0.968,0.745,0.362
U020,P090,add_to_cart,0.585,Home,Durable and modern home essentials designed for comfort.,Decent quality but could be improved.,"[0.842, 0.952, 0.576, 0.55, 0.46]",-0.897,0.564,0.524
U096,P033,purchase,0.996,Electronics,Latest high-performance electronic device with smart features.,This product is excellent and exceeded expectations.,"[0.747, 0.216, 0.52, 0.273, 0.848]",-0.12,0.319,1.104
U199,P083,view,0.11,Electronics,Latest high-performance electronic device with smart features.,Decent quality but could be improved.,"[0.634, 0.413, 0.371, 0.82, 0.824]",-0.737,0.002,-0.133
U116,P020,review,0.733,Fashion,Trendy and stylish fashion apparel for daily wear.,This product is excellent and exceeded expectations.,"[0.819, 0.657, 0.798, 0.94, 0.628]",-0.748,-0.059,0.449
U112,P090,add_to_cart,0.467,Electronics,Latest high-performance electronic device with smart features.,Decent quality but could be improved.,"[0.719, 0.755, 0.047, 0.583, 0.427]",-0.22,-0.14,0.337
U028,P043,purchase,0.932,Electronics,Latest high-performance electronic device with smart features.,This product is excellent and exceeded expectations.,"[0.834, 0.369, 0.331, 0.798, 0.494]",-0.577,-0.189,0.72
U135,P035,purchase,0.843,Fashion,Trendy and stylish fashion apparel for daily wear.,This product is excellent and exceeded expectations.,"[0.361, 0.03, 0.632, 0.987, 0.474]",0.59,0.967,1.311
U093,P019,add_to_cart,0.467,Electronics,Latest high-performance electronic device with smart features.,Decent quality but could be improved.,"[0.845, 0.08, 0.083, 0.187, 0.313]",-0.935,0.06,0.161
U116,P027,view,0.339,Fashion,Trendy and stylish fashion apparel for daily wear.,Decent quality but could be improved.,"[0.238, 0.096, 0.015, 0.869, 0.877]",-0.063,0.06,0.366
U097,P059,purchase,0.752,Home,Durable and modern home essentials designed for comfort.,This product is excellent and exceeded expectations.,"[0.521, 0.711, 0.73, 0.738, 0.148]",0.477,0.894,1.138
U141,P030,review,0.429,Books,Engaging book with insightful knowledge and storytelling.,Decent quality but could be improved.,"[0.528, 0.69, 0.032, 0.493, 0.735]",-0.459,-0.364,0.213
U009,P082,purchase,0.781,Beauty,Premium beauty product enhancing personal care.,This product is excellent and exceeded expectations.,"[0.511, 0.211, 0.746, 0.248, 0.826]",-0.251,-0.921,0.448
U140,P061,review,0.804,Fashion,Trendy and stylish fashion apparel for daily wear.,This product is excellent and exceeded expectations.,"[0.024, 0.987, 0.507, 0.472, 0.682]",-0.144,0.946,1.01
U145,P049,add_to_cart,0.632,Books,Engaging book with insightful knowledge and storytelling.,Decent quality but could be improved.,"[0.452, 0.972, 0.1, 0.483, 0.51]",-0.839,0.13,0.378
U039,P025,view,0.152,Books,Engaging book with insightful knowledge and storytelling.,Decent quality but could be improved.,"[0.681, 0.15, 0.961, 0.771, 0.312]",0.284,-0.479,0.055
U004,P081,purchase,0.714,Electronics,Latest high-performance electronic device with smart features.,This product is excellent and exceeded expectations.,"[0.32, 0.853, 0.928, 0.364, 0.064]",-0.544,0.594,0.756
U047,P059,view,0.103,Electronics,Latest high-performance electronic device with smart features.,Decent quality but could be improved.,"[0.937, 0.397, 0.252, 0.039, 0.589]",0.414,-0.029,0.174
U075,P006,review,0.559,Beauty,Premium beauty product enhancing personal care.,Decent quality but could be improved.,"[0.127, 0.258, 0.364, 0.163, 0.543]",0.359,0.561,0.824
U068,P063,purchase,0.834,Electronics,Latest high-performance electronic device with smart features.,This product is excellent and exceeded expectations.,"[0.966, 0.075, 0.466, 0.883, 0.611]",0.981,0.504,1.246
U031,P007,view,0.145,Home,Durable and modern home essentials designed for comfort.,Decent quality but could be improved.,"[0.528, 0.846, 0.342, 0.661, 0.896]",-0.028,0.565,0.267
U103,P081,view,0.342,Fashion,Trendy and stylish fashion apparel for daily wear.,Decent quality but could be improved.,"[0.123, 0.166, 0.581, 0.087, 0.715]",-0.59,0.557,0.312
U093,P040,add_to_cart,0.576,Beauty,Premium beauty product enhancing personal care.,Decent quality but could be improved.,"[0.008, 0.212, 0.86, 0.002, 0.042]",0.526,-0.192,0.673
U039,P035,purchase,0.977,Books,Engaging book with insightful knowledge and storytelling.,This product is excellent and exceeded expectations.,"[0.487, 0.008, 0.231, 0.674, 0.604]",0.868,0.237,1.347
U184,P007,purchase,0.759,Beauty,Premium beauty product enhancing personal care.,This product is excellent and exceeded expectations.,"[0.632, 0.894, 0.613, 0.876, 0.485]",-0.0,0.275,0.864
U155,P076,view,0.198,Beauty,Premium beauty product enhancing personal care.,Decent quality but could be improved.,"[0.133, 0.772, 0.422, 0.627, 0.79]",-0.09,-0.961,-0.136
U123,P020,review,0.39,Books,Engaging book with insightful knowledge and storytelling.,Decent quality but could be improved.,"[0.83, 0.087, 0.687, 0.028, 0.119]",-0.095,-0.07,0.31
U015,P070,review,0.369,Home,Durable and modern home essentials designed for comfort.,Decent quality but could be improved.,"[0.176, 0.507, 0.261, 0.604, 0.881]",-0.354,-0.259,0.176
U195,P055,purchase,0.808,Fashion,Trendy and stylish fashion apparel for daily wear.,This product is excellent and exceeded expectations.,"[0.008, 0.043, 0.44, 0.889, 0.192]",0.763,0.09,1.064
U010,P082,view,0.156,Sports,High-quality sports equipment for professionals and beginners.,Decent quality but could be improved.,"[0.559, 0.272, 0.854, 0.91, 0.541]",-0.46,0.573,0.167
U132,P063,purchase,0.87,Books,Engaging book with insightful knowledge and storytelling.,This product is excellent and exceeded expectations.,"[0.029, 0.377, 0.957, 0.46, 0.466]",0.734,-0.611,0.893
U164,P063,purchase,0.993,Home,Durable and modern home essentials designed for comfort.,This product is excellent and exceeded expectations.,"[0.249, 0.976, 0.029, 0.43, 0.547]",-0.553,0.113,0.838
U176,P061,purchase,0.714,Fashion,Trendy and stylish fashion apparel for daily wear.,This product is excellent and exceeded expectations.,"[0.936, 0.103, 0.944, 0.392, 0.398]",-0.571,-0.729,0.318
U019,P081,add_to_cart,0.512,Sports,High-quality sports equipment for professionals and beginners.,Decent quality but could be improved.,"[0.953, 0.607, 0.777, 0.077, 0.608]",-0.755,-0.6,0.085
U132,P006,add_to_cart,0.617,Home,Durable and modern home essentials designed for comfort.,Decent quality but could be improved.,"[0.447, 0.686, 0.023, 0.717, 0.145]",0.693,-0.004,0.775
U035,P082,add_to_cart,0.606,Books,Engaging book with insightful knowledge and storytelling.,Decent quality but could be improved.,"[0.124, 0.684, 0.972, 0.138, 0.476]",-0.034,-0.839,0.388
U141,P097,add_to_cart,0.513,Sports,High-quality sports equipment for professionals and beginners.,Decent quality but could be improved.,"[0.556, 0.977, 0.753, 0.163, 0.572]",-0.389,-0.744,0.143
U056,P056,view,0.121,Books,Engaging book with insightful knowledge and storytelling.,Decent quality but could be improved.,"[0.515, 0.233, 0.68, 0.134, 0.323]",-0.502,0.563,0.097
U200,P089,view,0.166,Beauty,Premium beauty product enhancing personal care.,Decent quality but could be improved.,"[0.839, 0.889, 0.544, 0.326, 0.329]",-0.104,-0.066,0.095
U110,P043,purchase,0.756,Home,Durable and modern home essentials designed for comfort.,This product is excellent and exceeded expectations.,"[0.259, 0.552, 0.991, 0.136, 0.4]",-0.872,-0.122,0.425
U150,P041,view,0.299,Sports,High-quality sports equipment for professionals and beginners.,Decent quality but could be improved.,"[0.473, 0.713, 0.765, 0.791, 0.4]",-0.344,0.428,0.293
U150,P064,add_to_cart,0.418,Books,Engaging book with insightful knowledge and storytelling.,Decent quality but could be improved.,"[0.099, 0.437, 0.617, 0.704, 0.409]",0.221,-0.486,0.363
U143,P012,purchase,0.969,Fashion,Trendy and stylish fashion apparel for daily wear.,This product is excellent and exceeded expectations.,"[0.715, 0.197, 0.636, 0.695, 0.215]",0.544,-0.382,0.97
U198,P072,review,0.79,Home,Durable and modern home essentials designed for comfort.,This product is excellent and exceeded expectations.,"[0.937, 0.927, 0.733, 0.655, 0.027]",-0.297,0.285,0.809
U183,P062,purchase,0.831,Beauty,Premium beauty product enhancing personal care.,This product is excellent and exceeded expectations.,"[0.676, 0.734, 0.339, 0.969, 0.523]",0.6,-0.56,0.796
U105,P001,view,0.145,Books,Engaging book with insightful knowledge and storytelling.,Decent quality but could be improved.,"[0.432, 0.638, 0.493, 0.098, 0.275]",-0.147,-0.72,-0.133
U037,P073,add_to_cart,0.488,Electronics,Latest high-performance electronic device with smart features.,Decent quality but could be improved.,"[0.172, 0.659, 0.754, 0.714, 0.601]",0.4,0.833,0.836
U181,P058,review,0.348,Beauty,Premium beauty product enhancing personal care.,Decent quality but could be improved.,"[0.075, 0.146, 0.402, 0.541, 0.187]",-0.772,-0.99,-0.155
U019,P034,review,0.64,Beauty,Premium beauty product enhancing personal care.,Decent quality but could be improved.,"[0.838, 0.799, 0.784, 0.117, 0.739]",-0.115,0.999,0.895
U159,P035,view,0.357,Books,Engaging book with insightful knowledge and storytelling.,Decent quality but could be improved.,"[0.701, 0.448, 0.018, 0.919, 0.935]",-0.202,-0.67,0.118
U053,P027,view,0.358,Electronics,Latest high-performance electronic device with smart features.,Decent quality but could be improved.,"[0.869, 0.969, 0.854, 0.806, 0.434]",-0.895,0.539,0.27
U195,P070,view,0.282,Beauty,Premium beauty product enhancing personal care.,Decent quality but could be improved.,"[0.281, 0.315, 0.384, 0.141, 0.868]",-0.443,-0.962,-0.131
U053,P042,add_to_cart,0.519,Beauty,Premium beauty product enhancing personal care.,Decent quality but could be improved.,"[0.414, 0.359, 0.123, 0.039, 0.026]",-0.541,-0.897,0.085
U101,P068,view,0.254,Fashion,Trendy and stylish fashion apparel for daily wear.,Decent quality but could be improved.,"[0.787, 0.049, 0.558, 0.453, 0.396]",-0.11,0.722,0.405
U010,P056,purchase,0.772,Books,Engaging book with insightful knowledge and storytelling.,This product is excellent and exceeded expectations.,"[0.096, 0.072, 0.955, 0.615, 0.573]",0.143,0.761,1.032
U111,P047,add_to_cart,0.609,Fashion,Trendy and stylish fashion apparel for daily wear.,Decent quality but could be improved.,"[0.521, 0.645, 0.457, 0.028, 0.349]",0.759,-0.303,0.785
U139,P042,view,0.288,Beauty,Premium beauty product enhancing personal care.,Decent quality but could be improved.,"[0.588, 0.799, 0.557, 0.569, 0.725]",0.709,0.633,0.723
U169,P094,purchase,0.945,Electronics,Latest high-performance electronic device with smart features.,This product is excellent and exceeded expectations.,"[0.589, 0.147, 0.152, 0.758, 0.536]",0.207,-0.608,0.795
U161,P075,purchase,0.98,Sports,High-quality sports equipment for professionals and beginners.,This product is excellent and exceeded expectations.,"[0.917, 0.927, 0.51, 0.651, 0.168]",0.304,-0.887,0.785
U094,P047,review,0.859,Books,Engaging book with insightful knowledge and storytelling.,This product is excellent and exceeded expectations.,"[0.329, 0.61, 0.875, 0.043, 0.608]",0.654,-0.196,1.017
U047,P089,review,0.818,Sports,High-quality sports equipment for professionals and beginners.,This product is excellent and exceeded expectations.,"[0.131, 0.704, 0.008, 0.42, 0.841]",0.135,0.14,0.928
U057,P054,view,0.154,Books,Engaging book with insightful knowledge and storytelling.,Decent quality but could be improved.,"[0.885, 0.464, 0.729, 0.537, 0.716]",-0.365,-0.555,-0.135
U148,P048,review,0.822,Home,Durable and modern home essentials designed for comfort.,This product is excellent and exceeded expectations.,"[0.599, 0.03, 0.131, 0.022, 0.108]",0.266,0.851,1.186
U021,P028,view,0.132,Home,Durable and modern home essentials designed for comfort.,Decent quality but could be improved.,"[0.292, 0.722, 0.735, 0.457, 0.901]",-0.016,-0.117,0.102
U190,P090,review,0.603,Sports,High-quality sports equipment for professionals and beginners.,Decent quality but could be improved.,"[0.137, 0.091, 0.783, 0.158, 0.998]",-0.842,0.353,0.48
U178,P073,purchase,0.889,Books,Engaging book with insightful knowledge and storytelling.,This product is excellent and exceeded expectations.,"[0.142, 0.588, 0.515, 0.586, 0.058]",0.773,-0.838,0.842
U097,P006,review,0.401,Home,Durable and modern home essentials designed for comfort.,Decent quality but could be improved.,"[0.022, 0.864, 0.773, 0.991, 0.564]",0.587,0.452,0.729
U079,P031,review,0.43,Electronics,Latest high-performance electronic device with smart features.,Decent quality but could be improved.,"[0.897, 0.131, 0.218, 0.197, 0.084]",0.849,-0.082,0.63
U154,P038,review,0.465,Electronics,Latest high-performance electronic device with smart features.,Decent quality but could be improved.,"[0.013, 0.693, 0.097, 0.041, 0.179]",0.862,-0.601,0.532
U176,P020,purchase,0.8,Books,Engaging book with insightful knowledge and storytelling.,This product is excellent and exceeded expectations.,"[0.023, 0.813, 0.511, 0.816, 0.091]",0.565,0.621,1.117
U014,P048,review,0.82,Beauty,Premium beauty product enhancing personal care.,This product is excellent and exceeded expectations.,"[0.19, 0.825, 0.401, 0.662, 0.394]",-0.084,0.884,1.038
U012,P090,review,0.873,Sports,High-quality sports equipment for professionals and beginners.,This product is excellent and exceeded expectations.,"[0.646, 0.786, 0.79, 0.317, 0.124]",0.253,-0.913,0.668
U111,P058,view,0.152,Sports,High-quality sports equipment for professionals and beginners.,Decent quality but could be improved.,"[0.135, 0.202, 0.04, 0.292, 0.484]",-0.417,0.015,0.019
U115,P019,view,0.345,Sports,High-quality sports equipment for professionals and beginners.,Decent quality but could be improved.,"[0.941, 0.461, 0.119, 0.293, 0.435]",0.052,0.508,0.479
U081,P097,review,0.625,Books,Engaging book with insightful knowledge and storytelling.,Decent quality but could be improved.,"[0.751, 0.821, 0.339, 0.178, 0.152]",-0.511,-0.985,0.181
U194,P087,review,0.877,Books,Engaging book with insightful knowledge and storytelling.,This product is excellent and exceeded expectations.,"[0.036, 0.247, 0.041, 0.076, 0.556]",-0.15,-0.121,0.765
U015,P043,review,0.685,Sports,High-quality sports equipment for professionals and beginners.,Decent quality but could be improved.,"[0.68, 0.656, 0.729, 0.979, 0.702]",-0.475,0.158,0.553
U091,P017,review,0.56,Sports,High-quality sports equipment for professionals and beginners.,Decent quality but could be improved.,"[0.421, 0.408, 0.918, 0.314, 0.494]",-0.221,-0.396,0.395
U144,P054,add_to_cart,0.464,Beauty,Premium beauty product enhancing personal care.,Decent quality but could be improved.,"[0.516, 0.356, 0.536, 0.408, 0.568]",-0.992,0.882,0.451
U025,P065,view,0.182,Fashion,Trendy and stylish fashion apparel for daily wear.,Decent quality but could be improved.,"[0.615, 0.853, 0.428, 0.255, 0.593]",0.663,-0.942,0.083
U089,P080,purchase,0.785,Books,Engaging book with insightful knowledge and storytelling.,This product is excellent and exceeded expectations.,"[0.457, 0.288, 0.762, 0.614, 0.496]",0.56,0.779,1.203
U165,P090,add_to_cart,0.468,Sports,High-quality sports equipment for professionals and beginners.,Decent quality but could be improved.,"[0.122, 0.93, 0.277, 0.986, 0.339]",0.414,0.193,0.621
U140,P076,add_to_cart,0.479,Home,Durable and modern home essentials designed for comfort.,Decent quality but could be improved.,"[0.245, 0.613, 0.471, 0.495, 0.815]",-0.796,-0.585,0.02
U015,P041,purchase,0.869,Books,Engaging book with insightful knowledge and storytelling.,This product is excellent and exceeded expectations.,"[0.429, 0.819, 0.491, 0.596, 0.146]",-0.704,0.356,0.763
U194,P055,add_to_cart,0.451,Electronics,Latest high-performance electronic device with smart features.,Decent quality but could be improved.,"[0.421, 0.691, 0.646, 0.822, 0.889]",0.179,0.386,0.608
U027,P005,view,0.209,Sports,High-quality sports equipment for professionals and beginners.,Decent quality but could be improved.,"[0.433, 0.157, 0.556, 0.376, 0.691]",-0.581,0.723,0.213
U111,P068,add_to_cart,0.582,Fashion,Trendy and stylish fashion apparel for daily wear.,Decent quality but could be improved.,"[0.83, 0.413, 0.536, 0.433, 0.862]",-0.073,0.69,0.788
U158,P048,add_to_cart,0.659,Electronics,Latest high-performance electronic device with smart features.,Decent quality but could be improved.,"[0.332, 0.708, 0.986, 0.573, 0.412]",-0.855,-0.118,0.393
U170,P066,view,0.34,Beauty,Premium beauty product enhancing personal care.,Decent quality but could be improved.,"[0.125, 0.864, 0.68, 0.609, 0.086]",0.091,-0.601,0.2
U142,P090,view,0.364,Fashion,Trendy and stylish fashion apparel for daily wear.,Decent quality but could be improved.,"[0.518, 0.267, 0.675, 0.203, 0.328]",0.6,-0.952,0.223
U079,P075,purchase,0.997,Books,Engaging book with insightful knowledge and storytelling.,This product is excellent and exceeded expectations.,"[0.495, 0.58, 0.158, 0.709, 0.391]",-0.694,-0.761,0.55
U157,P031,purchase,0.997,Books,Engaging book with insightful knowledge and storytelling.,This product is excellent and exceeded expectations.,"[0.994, 0.013, 0.507, 0.185, 0.927]",0.587,0.868,1.444
U066,P062,add_to_cart,0.659,Electronics,Latest high-performance electronic device with smart features.,Decent quality but could be improved.,"[0.658, 0.956, 0.523, 0.262, 0.075]",-0.988,-0.412,0.209
U065,P065,review,0.74,Home,Durable and modern home essentials designed for comfort.,This product is excellent and exceeded expectations.,"[0.356, 0.705, 0.221, 0.636, 0.414]",0.135,0.353,0.893
U115,P001,view,0.161,Home,Durable and modern home essentials designed for comfort.,Decent quality but could be improved.,"[0.978, 0.635, 0.556, 0.229, 0.616]",0.202,0.748,0.41
U120,P054,add_to_cart,0.678,Fashion,Trendy and stylish fashion apparel for daily wear.,Decent quality but could be improved.,"[0.74, 0.89, 0.2, 0.235, 0.59]",-0.267,0.692,0.833
U116,P012,review,0.584,Home,Durable and modern home essentials designed for comfort.,Decent quality but could be improved.,"[0.16, 0.904, 0.043, 0.156, 0.737]",0.532,-0.982,0.449
U135,P091,view,0.196,Books,Engaging book with insightful knowledge and storytelling.,Decent quality but could be improved.,"[0.172, 0.721, 0.951, 0.58, 0.986]",-0.735,-0.09,-0.062
U024,P078,view,0.371,Books,Engaging book with insightful knowledge and storytelling.,Decent quality but could be improved.,"[0.761, 0.39, 0.864, 0.017, 0.925]",-0.578,-0.931,-0.088
U174,P094,review,0.522,Home,Durable and modern home essentials designed for comfort.,Decent quality but could be improved.,"[0.795, 0.235, 0.074, 0.352, 0.391]",0.504,0.145,0.749
U031,P099,view,0.177,Electronics,Latest high-performance electronic device with smart features.,Decent quality but could be improved.,"[0.491, 0.168, 0.556, 0.003, 0.266]",-0.889,0.316,-0.037
U119,P020,review,0.365,Electronics,Latest high-performance electronic device with smart features.,Decent quality but could be improved.,"[0.129, 0.199, 0.672, 0.853, 0.565]",0.193,-0.214,0.346
U018,P026,review,0.568,Sports,High-quality sports equipment for professionals and beginners.,Decent quality but could be improved.,"[0.485, 0.8, 0.806, 0.38, 0.965]",0.628,0.963,1.091
U107,P059,view,0.132,Home,Durable and modern home essentials designed for comfort.,Decent quality but could be improved.,"[0.834, 0.742, 0.111, 0.14, 0.008]",-0.217,0.935,0.371
U143,P087,purchase,0.966,Fashion,Trendy and stylish fashion apparel for daily wear.,This product is excellent and exceeded expectations.,"[0.293, 0.701, 0.711, 0.528, 0.188]",0.677,0.223,1.262
U191,P035,purchase,0.844,Books,Engaging book with insightful knowledge and storytelling.,This product is excellent and exceeded expectations.,"[0.304, 0.784, 0.746, 0.736, 0.611]",-0.902,0.599,0.775
U179,P095,add_to_cart,0.599,Beauty,Premium beauty product enhancing personal care.,Decent quality but could be improved.,"[0.978, 0.054, 0.206, 0.608, 0.446]",-0.048,-0.814,0.374
U116,P042,add_to_cart,0.564,Beauty,Premium beauty product enhancing personal care.,Decent quality but could be improved.,"[0.94, 0.678, 0.201, 0.582, 0.793]",-0.484,-0.195,0.341
U195,P033,purchase,0.814,Beauty,Premium beauty product enhancing personal care.,This product is excellent and exceeded expectations.,"[0.12, 0.881, 0.346, 0.211, 0.238]",-0.109,0.83,0.994
U094,P019,review,0.796,Sports,High-quality sports equipment for professionals and beginners.,This product is excellent and exceeded expectations.,"[0.879, 0.973, 0.388, 0.972, 0.971]",-0.374,-0.864,0.379
U026,P070,review,0.397,Fashion,Trendy and stylish fashion apparel for daily wear.,Decent quality but could be improved.,"[0.592, 0.547, 0.72, 0.571, 0.444]",0.015,0.303,0.488
U052,P027,review,0.866,Beauty,Premium beauty product enhancing personal care.,This product is excellent and exceeded expectations.,"[0.934, 0.49, 0.319, 0.846, 0.703]",0.432,0.851,1.291
U167,P088,purchase,0.871,Electronics,Latest high-performance electronic device with smart features.,This product is excellent and exceeded expectations.,"[0.175, 0.049, 0.803, 0.867, 0.531]",0.427,-0.26,0.955
U173,P075,view,0.225,Electronics,Latest high-performance electronic device with smart features.,Decent quality but could be improved.,"[0.672, 0.348, 0.369, 0.981, 0.748]",-0.813,-0.519,-0.159
U062,P053,purchase,0.919,Sports,High-quality sports equipment for professionals and beginners.,This product is excellent and exceeded expectations.,"[0.437, 0.651, 0.608, 0.056, 0.812]",-0.044,0.307,1.016
U176,P043,view,0.238,Fashion,Trendy and stylish fashion apparel for daily wear.,Decent quality but could be improved.,"[0.335, 0.431, 0.498, 0.366, 0.19]",0.25,0.738,0.576
U034,P092,review,0.498,Books,Engaging book with insightful knowledge and storytelling.,Decent quality but could be improved.,"[0.317, 0.826, 0.218, 0.2, 0.458]",-0.586,-0.297,0.19
U030,P003,review,0.368,Electronics,Latest high-performance electronic device with smart features.,Decent quality but could be improved.,"[0.788, 0.182, 0.718, 0.413, 0.482]",-0.624,-0.761,-0.067
U195,P049,add_to_cart,0.478,Fashion,Trendy and stylish fashion apparel for daily wear.,Decent quality but could be improved.,"[0.428, 0.205, 0.436, 0.829, 0.794]",0.014,0.666,0.7
U197,P051,add_to_cart,0.543,Beauty,Premium beauty product enhancing personal care.,Decent quality but could be improved.,"[0.457, 0.214, 0.138, 0.801, 0.705]",0.638,-0.749,0.528
U035,P043,add_to_cart,0.483,Electronics,Latest high-performance electronic device with smart features.,Decent quality but could be improved.,"[0.151, 0.125, 0.116, 0.486, 0.316]",0.234,0.328,0.689
U164,P007,review,0.515,Fashion,Trendy and stylish fashion apparel for daily wear.,Decent quality but could be improved.,"[0.36, 0.714, 0.977, 0.262, 0.011]",-0.296,-0.954,0.185
U126,P056,review,0.337,Home,Durable and modern home essentials designed for comfort.,Decent quality but could be improved.,"[0.525, 0.666, 0.978, 0.597, 0.086]",-0.306,-0.84,0.02
U149,P001,review,0.539,Fashion,Trendy and stylish fashion apparel for daily wear.,Decent quality but could be improved.,"[0.552, 0.057, 0.502, 0.141, 0.036]",0.706,-0.909,0.528
U160,P069,purchase,0.735,Books,Engaging book with insightful knowledge and storytelling.,This product is excellent and exceeded expectations.,"[0.606, 0.394, 0.623, 0.887, 0.982]",0.649,-0.713,0.669
U141,P059,add_to_cart,0.432,Beauty,Premium beauty product enhancing personal care.,Decent quality but could be improved.,"[0.262, 0.272, 0.782, 0.376, 0.467]",-0.502,-0.698,0.105
U078,P027,review,0.381,Home,Durable and modern home essentials designed for comfort.,Decent quality but could be improved.,"[0.63, 0.922, 0.039, 0.773, 0.91]",0.211,0.234,0.523
U030,P008,purchase,0.767,Electronics,Latest high-performance electronic device with smart features.,This product is excellent and exceeded expectations.,"[0.931, 0.415, 0.427, 0.222, 0.041]",0.763,-0.592,0.868
U145,P078,review,0.551,Electronics,Latest high-performance electronic device with smart features.,Decent quality but could be improved.,"[0.45, 0.702, 0.805, 0.074, 0.762]",0.681,0.437,0.837
U093,P064,add_to_cart,0.522,Sports,High-quality sports equipment for professionals and beginners.,Decent quality but could be improved.,"[0.295, 0.856, 0.129, 0.844, 0.402]",-0.995,-0.675,0.037
U154,P096,add_to_cart,0.691,Electronics,Latest high-performance electronic device with smart features.,Decent quality but could be improved.,"[0.638, 0.291, 0.272, 0.241, 0.495]",0.18,-0.974,0.436
U013,P066,add_to_cart,0.537,Books,Engaging book with insightful knowledge and storytelling.,Decent quality but could be improved.,"[0.54, 0.854, 0.797, 0.564, 0.813]",0.148,-0.323,0.453
U034,P015,add_to_cart,0.584,Beauty,Premium beauty product enhancing personal care.,Decent quality but could be improved.,"[0.631, 0.24, 0.533, 0.974, 0.615]",-0.19,-0.026,0.504
U180,P043,view,0.218,Books,Engaging book with insightful knowledge and storytelling.,Decent quality but could be improved.,"[0.546, 0.572, 0.116, 0.767, 0.126]",0.601,0.352,0.488
U176,P093,review,0.747,Sports,High-quality sports equipment for professionals and beginners.,This product is excellent and exceeded expectations.,"[0.357, 0.482, 0.131, 0.268, 0.812]",-0.178,0.665,0.936
U109,P009,add_to_cart,0.569,Electronics,Latest high-performance electronic device with smart features.,Decent quality but could be improved.,"[0.064, 0.655, 0.491, 0.236, 0.978]",-0.953,0.605,0.439
U198,P018,purchase,0.901,Sports,High-quality sports equipment for professionals and beginners.,This product is excellent and exceeded expectations.,"[0.783, 0.517, 0.128, 0.748, 0.82]",0.5,0.112,1.11
U114,P038,review,0.527,Home,Durable and modern home essentials designed for comfort.,Decent quality but could be improved.,"[0.71, 0.597, 0.283, 0.658, 0.105]",0.811,0.102,0.816
U144,P023,view,0.299,Books,Engaging book with insightful knowledge and storytelling.,Decent quality but could be improved.,"[0.021, 0.58, 0.888, 0.035, 0.449]",0.308,-0.088,0.401
U136,P041,add_to_cart,0.455,Home,Durable and modern home essentials designed for comfort.,Decent quality but could be improved.,"[0.911, 0.271, 0.419, 0.89, 0.15]",0.98,0.813,0.95
U185,P070,add_to_cart,0.674,Home,Durable and modern home essentials designed for comfort.,Decent quality but could be improved.,"[0.102, 0.317, 0.5, 0.626, 0.159]",0.885,0.439,1.031
U106,P032,view,0.166,Sports,High-quality sports equipment for professionals and beginners.,Decent quality but could be improved.,"[0.98, 0.716, 0.165, 0.2, 0.989]",0.006,-0.94,-0.071
U109,P076,add_to_cart,0.572,Electronics,Latest high-performance electronic device with smart features.,Decent quality but could be improved.,"[0.916, 0.426, 0.661, 0.598, 0.766]",0.453,0.476,0.89
U031,P040,add_to_cart,0.656,Beauty,Premium beauty product enhancing personal care.,Decent quality but could be improved.,"[0.434, 0.383, 0.655, 0.296, 0.977]",0.064,-0.367,0.597
U092,P050,view,0.189,Electronics,Latest high-performance electronic device with smart features.,Decent quality but could be improved.,"[0.4, 0.886, 0.891, 0.474, 0.054]",0.535,0.432,0.434
U094,P013,view,0.385,Home,Durable and modern home essentials designed for comfort.,Decent quality but could be improved.,"[0.897, 0.807, 0.102, 0.713, 0.631]",-0.964,-0.433,-0.013
U119,P019,purchase,0.701,Electronics,Latest high-performance electronic device with smart features.,This product is excellent and exceeded expectations.,"[0.018, 0.754, 0.122, 0.268, 0.902]",0.521,-0.789,0.652
U199,P066,review,0.714,Electronics,Latest high-performance electronic device with smart features.,This product is excellent and exceeded expectations.,"[0.123, 0.231, 0.107, 0.515, 0.347]",-0.425,0.443,0.678
U075,P061,add_to_cart,0.561,Electronics,Latest high-performance electronic device with smart features.,Decent quality but could be improved.,"[0.47, 0.08, 0.325, 0.822, 0.05]",-0.204,0.525,0.631
U143,P014,view,0.136,Home,Durable and modern home essentials designed for comfort.,Decent quality but could be improved.,"[0.033, 0.423, 0.841, 0.957, 0.633]",0.684,-0.546,0.129
U048,P042,add_to_cart,0.609,Electronics,Latest high-performance electronic device with smart features.,Decent quality but could be improved.,"[0.773, 0.331, 0.841, 0.561, 0.504]",-0.513,-0.784,0.254
U106,P034,review,0.311,Electronics,Latest high-performance electronic device with smart features.,Decent quality but could be improved.,"[0.25, 0.945, 0.112, 0.524, 0.908]",0.7,-0.587,0.321
U004,P018,view,0.211,Fashion,Trendy and stylish fashion apparel for daily wear.,Decent quality but could be improved.,"[0.707, 0.135, 0.538, 0.543, 0.453]",-0.209,0.411,0.261
U163,P031,add_to_cart,0.63,Home,Durable and modern home essentials designed for comfort.,Decent quality but could be improved.,"[0.828, 0.269, 0.665, 0.119, 0.465]",0.95,-0.603,0.746
U097,P018,view,0.233,Electronics,Latest high-performance electronic device with smart features.,Decent quality but could be improved.,"[0.924, 0.171, 0.098, 0.055, 0.076]",-0.704,-0.596,-0.172
U175,P070,review,0.687,Books,Engaging book with insightful knowledge and storytelling.,Decent quality but could be improved.,"[0.96, 0.683, 0.169, 0.568, 0.78]",-0.308,-0.289,0.469
U150,P097,purchase,0.917,Electronics,Latest high-performance electronic device with smart features.,This product is excellent and exceeded expectations.,"[0.244, 0.037, 0.284, 0.586, 0.377]",0.363,-0.124,1.028
U185,P094,view,0.35,Beauty,Premium beauty product enhancing personal care.,Decent quality but could be improved.,"[0.127, 0.485, 0.295, 0.351, 0.384]",0.358,0.171,0.542
U102,P100,add_to_cart,0.418,Fashion,Trendy and stylish fashion apparel for daily wear.,Decent quality but could be improved.,"[0.177, 0.528, 0.417, 0.161, 0.675]",-0.119,-0.235,0.345
U052,P020,add_to_cart,0.44,Books,Engaging book with insightful knowledge and storytelling.,Decent quality but could be improved.,"[0.185, 0.422, 0.97, 0.119, 0.461]",0.886,-0.268,0.65
U074,P012,add_to_cart,0.669,Home,Durable and modern home essentials designed for comfort.,Decent quality but could be improved.,"[0.992, 0.524, 0.627, 0.046, 0.961]",0.089,0.657,0.901
U104,P082,view,0.34,Electronics,Latest high-performance electronic device with smart features.,Decent quality but could be improved.,"[0.047, 0.937, 0.986, 0.317, 0.155]",0.857,0.699,0.816
U088,P026,view,0.186,Home,Durable and modern home essentials designed for comfort.,Decent quality but could be improved.,"[0.333, 0.223, 0.232, 0.277, 0.906]",-0.374,-0.693,-0.134
U132,P073,purchase,0.784,Beauty,Premium beauty product enhancing personal care.,This product is excellent and exceeded expectations.,"[0.16, 0.535, 0.732, 0.023, 0.57]",0.322,0.685,1.091
U159,P039,purchase,0.809,Electronics,Latest high-performance electronic device with smart features.,This product is excellent and exceeded expectations.,"[0.659, 0.204, 0.188, 0.308, 0.706]",-0.563,0.478,0.763
U036,P063,view,0.101,Books,Engaging book with insightful knowledge and storytelling.,Decent quality but could be improved.,"[0.634, 0.511, 0.006, 0.344, 0.412]",-0.457,-0.619,-0.179
U159,P098,review,0.478,Books,Engaging book with insightful knowledge and storytelling.,Decent quality but could be improved.,"[0.881, 0.469, 0.354, 0.227, 0.883]",0.862,-0.258,0.683
U157,P003,review,0.826,Electronics,Latest high-performance electronic device with smart features.,This product is excellent and exceeded expectations.,"[0.474, 0.246, 0.246, 0.807, 0.817]",-0.698,-0.014,0.618
U067,P079,purchase,0.742,Sports,High-quality sports equipment for professionals and beginners.,This product is excellent and exceeded expectations.,"[0.161, 0.375, 0.647, 0.859, 0.041]",0.659,-0.42,0.823
U190,P098,purchase,0.747,Electronics,Latest high-performance electronic device with smart features.,This product is excellent and exceeded expectations.,"[0.315, 0.942, 0.694, 0.363, 0.857]",-0.428,-0.746,0.408
U191,P061,review,0.76,Books,Engaging book with insightful knowledge and storytelling.,This product is excellent and exceeded expectations.,"[0.713, 0.56, 0.715, 0.445, 0.551]",0.555,0.89,1.171
U024,P071,review,0.632,Home,Durable and modern home essentials designed for comfort.,Decent quality but could be improved.,"[0.085, 0.432, 0.574, 0.532, 0.642]",0.794,-0.6,0.694
U095,P036,add_to_cart,0.666,Fashion,Trendy and stylish fashion apparel for daily wear.,Decent quality but could be improved.,"[0.05, 0.852, 0.792, 0.575, 0.123]",-0.465,0.056,0.536
U123,P079,add_to_cart,0.42,Beauty,Premium beauty product enhancing personal care.,Decent quality but could be improved.,"[0.632, 0.399, 0.584, 0.706, 0.054]",-0.124,-0.762,0.124
U046,P058,view,0.317,Home,Durable and modern home essentials designed for comfort.,Decent quality but could be improved.,"[0.782, 0.976, 0.036, 0.748, 0.825]",0.475,0.958,0.735
U118,P050,view,0.329,Fashion,Trendy and stylish fashion apparel for daily wear.,Decent quality but could be improved.,"[0.952, 0.006, 0.137, 0.437, 0.011]",0.41,0.646,0.671
U047,P012,add_to_cart,0.507,Sports,High-quality sports equipment for professionals and beginners.,Decent quality but could be improved.,"[0.891, 0.876, 0.279, 0.943, 0.182]",0.738,0.438,0.874
U183,P055,purchase,0.758,Beauty,Premium beauty product enhancing personal care.,This product is excellent and exceeded expectations.,"[0.346, 0.066, 0.164, 0.123, 0.671]",0.322,0.298,0.992
U076,P084,view,0.281,Home,Durable and modern home essentials designed for comfort.,Decent quality but could be improved.,"[0.545, 0.045, 0.612, 0.179, 0.959]",-0.422,0.203,0.175
U046,P075,view,0.107,Home,Durable and modern home essentials designed for comfort.,Decent quality but could be improved.,"[0.826, 0.86, 0.022, 0.924, 0.12]",-0.322,0.409,0.135
U133,P032,view,0.333,Electronics,Latest high-performance electronic device with smart features.,Decent quality but could be improved.,"[0.399, 0.999, 0.373, 0.089, 0.947]",-0.097,0.364,0.4
U035,P077,view,0.14,Home,Durable and modern home essentials designed for comfort.,Decent quality but could be improved.,"[0.247, 0.079, 0.989, 0.569, 0.938]",0.566,0.207,0.347
U194,P038,view,0.298,Sports,High-quality sports equipment for professionals and beginners.,Decent quality but could be improved.,"[0.018, 0.884, 0.086, 0.485, 0.771]",-0.416,0.131,0.198
U030,P053,review,0.769,Fashion,Trendy and stylish fashion apparel for daily wear.,This product is excellent and exceeded expectations.,"[0.322, 0.004, 0.198, 0.114, 0.744]",-0.253,-0.515,0.559
U128,P011,purchase,0.813,Fashion,Trendy and stylish fashion apparel for daily wear.,This product is excellent and exceeded expectations.,"[0.452, 0.408, 0.435, 0.436, 0.333]",-0.73,-0.152,0.542
U163,P006,review,0.78,Electronics,Latest high-performance electronic device with smart features.,This product is excellent and exceeded expectations.,"[0.065, 0.596, 0.003, 0.602, 0.601]",0.679,0.724,1.161
U110,P031,view,0.34,Beauty,Premium beauty product enhancing personal care.,Decent quality but could be improved.,"[0.288, 0.907, 0.318, 0.243, 0.542]",0.318,0.717,0.608
U087,P001,view,0.104,Sports,High-quality sports equipment for professionals and beginners.,Decent quality but could be improved.,"[0.709, 0.928, 0.036, 0.847, 0.733]",0.81,-0.831,0.142
U172,P095,review,0.868,Home,Durable and modern home essentials designed for comfort.,This product is excellent and exceeded expectations.,"[0.458, 0.078, 0.847, 0.516, 0.557]",-0.137,-0.983,0.496
U157,P025,review,0.437,Sports,High-quality sports equipment for professionals and beginners.,Decent quality but could be improved.,"[0.601, 0.156, 0.317, 0.529, 0.204]",-0.368,-0.657,0.098
U013,P036,review,0.517,Fashion,Trendy and stylish fashion apparel for daily wear.,Decent quality but could be improved.,"[0.025, 0.418, 0.953, 0.439, 0.319]",-0.024,-0.753,0.235
U161,P028,view,0.316,Books,Engaging book with insightful knowledge and storytelling.,Decent quality but could be improved.,"[0.568, 0.262, 0.939, 0.656, 0.251]",0.103,0.317,0.474
U105,P072,purchase,0.831,Books,Engaging book with insightful knowledge and storytelling.,This product is excellent and exceeded expectations.,"[0.85, 0.185, 0.678, 0.767, 0.84]",0.389,0.835,1.171
U062,P032,purchase,0.806,Beauty,Premium beauty product enhancing personal care.,This product is excellent and exceeded expectations.,"[0.356, 0.794, 0.126, 0.325, 0.499]",-0.184,-0.519,0.569
U115,P073,add_to_cart,0.478,Home,Durable and modern home essentials designed for comfort.,Decent quality but could be improved.,"[0.543, 0.845, 0.65, 0.009, 0.254]",-0.715,0.985,0.552
U103,P018,review,0.74,Sports,High-quality sports equipment for professionals and beginners.,This product is excellent and exceeded expectations.,"[0.257, 0.494, 0.271, 0.457, 0.132]",0.059,0.609,0.971
U164,P026,purchase,0.88,Fashion,Trendy and stylish fashion apparel for daily wear.,This product is excellent and exceeded expectations.,"[0.945, 0.221, 0.912, 0.282, 0.725]",0.116,0.971,1.215
U181,P063,purchase,0.768,Home,Durable and modern home essentials designed for comfort.,This product is excellent and exceeded expectations.,"[0.89, 0.55, 0.947, 0.91, 0.582]",-0.405,-0.546,0.451
U195,P019,view,0.204,Beauty,Premium beauty product enhancing personal care.,Decent quality but could be improved.,"[0.445, 0.383, 0.381, 0.718, 0.381]",-0.037,-0.498,0.051
U154,P079,view,0.308,Sports,High-quality sports equipment for professionals and beginners.,Decent quality but could be improved.,"[0.485, 0.147, 0.643, 0.456, 0.585]",0.733,0.19,0.576
U091,P084,view,0.291,Sports,High-quality sports equipment for professionals and beginners.,Decent quality but could be improved.,"[0.146, 0.513, 0.382, 0.79, 0.343]",0.987,-0.807,0.309
U160,P052,purchase,0.879,Beauty,Premium beauty product enhancing personal care.,This product is excellent and exceeded expectations.,"[0.888, 0.08, 0.683, 0.783, 0.056]",-0.391,-0.15,0.668
U131,P003,view,0.212,Fashion,Trendy and stylish fashion apparel for daily wear.,Decent quality but could be improved.,"[0.153, 0.766, 0.368, 0.403, 0.348]",0.781,-0.637,0.266
U022,P036,purchase,0.72,Fashion,Trendy and stylish fashion apparel for daily wear.,This product is excellent and exceeded expectations.,"[0.069, 0.722, 0.747, 0.643, 0.437]",0.043,0.644,0.962
U082,P062,purchase,0.723,Books,Engaging book with insightful knowledge and storytelling.,This product is excellent and exceeded expectations.,"[0.548, 0.604, 0.117, 0.582, 0.366]",-0.033,0.225,0.812
U118,P063,review,0.733,Fashion,Trendy and stylish fashion apparel for daily wear.,This product is excellent and exceeded expectations.,"[0.992, 0.5, 0.773, 0.677, 0.343]",0.482,0.283,0.923
U094,P037,add_to_cart,0.521,Beauty,Premium beauty product enhancing personal care.,Decent quality but could be improved.,"[0.272, 0.047, 0.503, 0.826, 0.363]",0.82,-0.966,0.428
U137,P093,view,0.36,Sports,High-quality sports equipment for professionals and beginners.,Decent quality but could be improved.,"[0.706, 0.878, 0.247, 0.826, 0.661]",-0.595,0.452,0.334
U062,P071,review,0.685,Sports,High-quality sports equipment for professionals and beginners.,Decent quality but could be improved.,"[0.652, 0.548, 0.639, 0.588, 0.548]",-0.683,0.223,0.582
U127,P055,purchase,0.903,Sports,High-quality sports equipment for professionals and beginners.,This product is excellent and exceeded expectations.,"[0.158, 0.398, 0.166, 0.84, 0.678]",0.687,0.041,1.13
U166,P027,purchase,0.826,Beauty,Premium beauty product enhancing personal care.,This product is excellent and exceeded expectations.,"[0.52, 0.821, 0.722, 0.92, 0.52]",0.381,0.354,1.066
U173,P054,add_to_cart,0.667,Beauty,Premium beauty product enhancing personal care.,Decent quality but could be improved.,"[0.017, 0.597, 0.409, 0.328, 0.363]",-0.736,-0.763,0.212
U029,P058,add_to_cart,0.422,Beauty,Premium beauty product enhancing personal care.,Decent quality but could be improved.,"[0.596, 0.696, 0.701, 0.662, 0.123]",0.482,0.583,0.716
U199,P022,add_to_cart,0.686,Fashion,Trendy and stylish fashion apparel for daily wear.,Decent quality but could be improved.,"[0.874, 0.973, 0.425, 0.249, 0.337]",-0.632,0.118,0.53
U066,P092,purchase,0.776,Sports,High-quality sports equipment for professionals and beginners.,This product is excellent and exceeded expectations.,"[0.798, 0.38, 0.572, 0.889, 0.387]",0.459,-0.184,0.841
U153,P007,review,0.424,Fashion,Trendy and stylish fashion apparel for daily wear.,Decent quality but could be improved.,"[0.179, 0.027, 0.242, 0.256, 0.202]",0.063,-0.832,0.234
U075,P014,view,0.171,Beauty,Premium beauty product enhancing personal care.,Decent quality but could be improved.,"[0.557, 0.03, 0.621, 0.024, 0.812]",-0.443,0.038,0.039
U098,P035,view,0.155,Electronics,Latest high-performance electronic device with smart features.,Decent quality but could be improved.,"[0.91, 0.357, 0.701, 0.594, 0.082]",0.692,0.07,0.381
U143,P031,review,0.358,Fashion,Trendy and stylish fashion apparel for daily wear.,Decent quality but could be improved.,"[0.351, 0.135, 0.837, 0.142, 0.939]",-0.245,0.887,0.521
U174,P004,purchase,0.973,Sports,High-quality sports equipment for professionals and beginners.,This product is excellent and exceeded expectations.,"[0.119, 0.341, 0.916, 0.75, 0.568]",-0.958,0.267,0.785
U097,P064,purchase,0.954,Home,Durable and modern home essentials designed for comfort.,This product is excellent and exceeded expectations.,"[0.098, 0.185, 0.927, 0.759, 0.225]",-0.631,0.313,0.866
U084,P037,view,0.253,Fashion,Trendy and stylish fashion apparel for daily wear.,Decent quality but could be improved.,"[0.22, 0.691, 0.903, 0.871, 0.618]",0.497,-0.46,0.305
U174,P056,add_to_cart,0.488,Home,Durable and modern home essentials designed for comfort.,Decent quality but could be improved.,"[0.547, 0.841, 0.635, 0.6, 0.935]",0.078,-0.778,0.29
U039,P049,view,0.349,Electronics,Latest high-performance electronic device with smart features.,Decent quality but could be improved.,"[0.451, 0.815, 0.343, 0.774, 0.184]",0.627,-0.252,0.466
U093,P027,review,0.344,Home,Durable and modern home essentials designed for comfort.,Decent quality but could be improved.,"[0.58, 0.079, 0.396, 0.663, 0.909]",-0.157,-0.012,0.279
U021,P045,view,0.355,Beauty,Premium beauty product enhancing personal care.,Decent quality but could be improved.,"[0.812, 0.086, 0.037, 0.686, 0.336]",0.422,-0.595,0.292
U045,P086,add_to_cart,0.474,Electronics,Latest high-performance electronic device with smart features.,Decent quality but could be improved.,"[0.049, 0.768, 0.441, 0.631, 0.148]",-0.021,0.097,0.49
U069,P024,add_to_cart,0.631,Sports,High-quality sports equipment for professionals and beginners.,Decent quality but could be improved.,"[0.348, 0.695, 0.646, 0.546, 0.293]",-0.374,-0.191,0.414
U037,P017,purchase,0.998,Fashion,Trendy and stylish fashion apparel for daily wear.,This product is excellent and exceeded expectations.,"[0.126, 0.555, 0.297, 0.482, 0.607]",-0.891,-0.048,0.706
U099,P026,purchase,0.857,Fashion,Trendy and stylish fashion apparel for daily wear.,This product is excellent and exceeded expectations.,"[0.423, 0.777, 0.874, 0.427, 0.456]",0.744,-0.587,0.91
U015,P024,review,0.894,Sports,High-quality sports equipment for professionals and beginners.,This product is excellent and exceeded expectations.,"[0.554, 0.296, 0.386, 0.813, 0.963]",-0.737,0.781,0.917
U029,P080,view,0.307,Beauty,Premium beauty product enhancing personal care.,Decent quality but could be improved.,"[0.037, 0.023, 0.934, 0.026, 0.358]",0.211,-0.4,0.254
U182,P001,review,0.401,Beauty,Premium beauty product enhancing personal care.,Decent quality but could be improved.,"[0.382, 0.837, 0.535, 0.012, 0.301]",-0.036,0.566,0.542
U171,P006,view,0.363,Home,Durable and modern home essentials designed for comfort.,Decent quality but could be improved.,"[0.16, 0.317, 0.093, 0.254, 0.752]",0.556,-0.074,0.486
U131,P048,purchase,0.856,Sports,High-quality sports equipment for professionals and beginners.,This product is excellent and exceeded expectations.,"[0.801, 0.304, 0.033, 0.781, 0.686]",0.756,0.45,1.239
U086,P026,view,0.113,Electronics,Latest high-performance electronic device with smart features.,Decent quality but could be improved.,"[0.137, 0.549, 0.147, 0.862, 0.388]",-0.431,0.708,0.162
U108,P021,review,0.649,Home,Durable and modern home essentials designed for comfort.,Decent quality but could be improved.,"[0.051, 0.148, 0.048, 0.0, 0.243]",-0.944,0.049,0.379
U084,P099,purchase,0.817,Beauty,Premium beauty product enhancing personal care.,This product is excellent and exceeded expectations.,"[0.335, 0.513, 0.504, 0.494, 0.293]",0.651,0.392,1.11
U052,P077,purchase,0.775,Books,Engaging book with insightful knowledge and storytelling.,This product is excellent and exceeded expectations.,"[0.15, 0.054, 0.924, 0.361, 0.633]",-0.596,0.815,0.796
U131,P075,purchase,0.968,Electronics,Latest high-performance electronic device with smart features.,This product is excellent and exceeded expectations.,"[0.015, 0.343, 0.472, 0.127, 0.329]",-0.472,-0.691,0.628
U011,P077,purchase,0.906,Fashion,Trendy and stylish fashion apparel for daily wear.,This product is excellent and exceeded expectations.,"[0.158, 0.726, 0.728, 0.991, 0.988]",0.783,-0.737,0.928
U189,P060,view,0.363,Sports,High-quality sports equipment for professionals and beginners.,Decent quality but could be improved.,"[0.703, 0.745, 0.699, 0.308, 0.939]",-0.601,-0.107,0.189
U179,P020,view,0.126,Books,Engaging book with insightful knowledge and storytelling.,Decent quality but could be improved.,"[0.503, 0.801, 0.622, 0.592, 0.224]",-0.3,-0.417,-0.058
U070,P073,review,0.644,Home,Durable and modern home essentials designed for comfort.,Decent quality but could be improved.,"[0.032, 0.313, 0.876, 0.762, 0.788]",0.202,0.302,0.75
U167,P041,add_to_cart,0.654,Books,Engaging book with insightful knowledge and storytelling.,Decent quality but could be improved.,"[0.266, 0.527, 0.353, 0.5, 0.56]",-0.505,-0.67,0.29
U058,P018,add_to_cart,0.541,Fashion,Trendy and stylish fashion apparel for daily wear.,Decent quality but could be improved.,"[0.38, 0.577, 0.026, 0.057, 0.904]",0.724,-0.179,0.724
U123,P033,add_to_cart,0.445,Fashion,Trendy and stylish fashion apparel for daily wear.,Decent quality but could be improved.,"[0.903, 0.817, 0.843, 0.711, 0.805]",-0.697,-0.354,0.177
U034,P079,purchase,0.785,Beauty,Premium beauty product enhancing personal care.,This product is excellent and exceeded expectations.,"[0.762, 0.888, 0.871, 0.561, 0.345]",-0.92,0.86,0.816
U188,P008,view,0.229,Home,Durable and modern home essentials designed for comfort.,Decent quality but could be improved.,"[0.803, 0.604, 0.402, 0.782, 0.759]",-0.208,-0.863,-0.064
U060,P077,view,0.333,Beauty,Premium beauty product enhancing personal care.,Decent quality but could be improved.,"[0.695, 0.968, 0.479, 0.066, 0.985]",0.944,-0.212,0.544
U013,P003,add_to_cart,0.519,Sports,High-quality sports equipment for professionals and beginners.,Decent quality but could be improved.,"[0.632, 0.782, 0.293, 0.304, 0.08]",0.728,-0.831,0.483
U183,P054,review,0.842,Fashion,Trendy and stylish fashion apparel for daily wear.,This product is excellent and exceeded expectations.,"[0.923, 0.455, 0.483, 0.221, 0.956]",0.485,-0.418,0.894
U111,P051,review,0.643,Beauty,Premium beauty product enhancing personal care.,Decent quality but could be improved.,"[0.274, 0.814, 0.631, 0.47, 0.524]",0.476,-0.106,0.713
U160,P078,view,0.384,Beauty,Premium beauty product enhancing personal care.,Decent quality but could be improved.,"[0.242, 0.7, 0.241, 0.292, 0.754]",0.717,-0.772,0.399
U043,P083,view,0.196,Home,Durable and modern home essentials designed for comfort.,Decent quality but could be improved.,"[0.945, 0.349, 0.77, 0.559, 0.615]",-0.385,-0.562,-0.075
U073,P014,review,0.513,Sports,High-quality sports equipment for professionals and beginners.,Decent quality but could be improved.,"[0.718, 0.0, 0.731, 0.808, 0.725]",-0.508,0.516,0.529
U024,P029,view,0.176,Sports,High-quality sports equipment for professionals and beginners.,Decent quality but could be improved.,"[0.698, 0.544, 0.204, 0.968, 0.644]",-0.816,-0.126,-0.144
U129,P033,add_to_cart,0.652,Home,Durable and modern home essentials designed for comfort.,Decent quality but could be improved.,"[0.367, 0.967, 0.013, 0.785, 0.414]",-0.783,-0.842,0.123
U138,P049,purchase,0.755,Books,Engaging book with insightful knowledge and storytelling.,This product is excellent and exceeded expectations.,"[0.639, 0.406, 0.347, 0.202, 0.858]",-0.852,-0.419,0.333
U085,P080,purchase,0.764,Fashion,Trendy and stylish fashion apparel for daily wear.,This product is excellent and exceeded expectations.,"[0.426, 0.232, 0.503, 0.251, 0.085]",0.888,0.36,1.126
U018,P015,view,0.356,Books,Engaging book with insightful knowledge and storytelling.,Decent quality but could be improved.,"[0.437, 0.389, 0.919, 0.088, 0.296]",-0.761,-0.19,0.052
U112,P007,view,0.207,Fashion,Trendy and stylish fashion apparel for daily wear.,Decent quality but could be improved.,"[0.556, 0.334, 0.563, 0.946, 0.614]",0.619,-0.129,0.395
U161,P091,purchase,0.957,Beauty,Premium beauty product enhancing personal care.,This product is excellent and exceeded expectations.,"[0.334, 0.423, 0.311, 0.096, 0.624]",0.887,-0.86,0.918
U097,P003,add_to_cart,0.425,Electronics,Latest high-performance electronic device with smart features.,Decent quality but could be improved.,"[0.863, 0.332, 0.964, 0.891, 0.389]",0.261,-0.07,0.5
U045,P074,review,0.842,Fashion,Trendy and stylish fashion apparel for daily wear.,This product is excellent and exceeded expectations.,"[0.477, 0.654, 0.213, 0.958, 0.653]",0.162,0.408,1.019
U126,P001,purchase,0.783,Electronics,Latest high-performance electronic device with smart features.,This product is excellent and exceeded expectations.,"[0.523, 0.527, 0.197, 0.985, 0.115]",0.962,-0.475,0.978
U003,P003,review,0.545,Home,Durable and modern home essentials designed for comfort.,Decent quality but could be improved.,"[0.036, 0.809, 0.102, 0.028, 0.362]",0.231,0.908,0.873
U043,P090,view,0.377,Beauty,Premium beauty product enhancing personal care.,Decent quality but could be improved.,"[0.643, 0.947, 0.21, 0.972, 0.066]",0.684,-0.394,0.504
U179,P067,add_to_cart,0.678,Home,Durable and modern home essentials designed for comfort.,Decent quality but could be improved.,"[0.747, 0.939, 0.321, 0.569, 0.349]",0.804,-0.52,0.725
U037,P043,add_to_cart,0.531,Fashion,Trendy and stylish fashion apparel for daily wear.,Decent quality but could be improved.,"[0.818, 0.622, 0.635, 0.878, 0.653]",-0.875,-0.586,0.127
U178,P081,view,0.192,Beauty,Premium beauty product enhancing personal care.,Decent quality but could be improved.,"[0.485, 0.852, 0.915, 0.457, 0.715]",0.732,0.747,0.664
U144,P006,review,0.388,Home,Durable and modern home essentials designed for comfort.,Decent quality but could be improved.,"[0.37, 0.703, 0.437, 0.681, 0.319]",0.103,-0.572,0.247
U013,P039,review,0.746,Books,Engaging book with insightful knowledge and storytelling.,This product is excellent and exceeded expectations.,"[0.694, 0.427, 0.299, 0.08, 0.436]",-0.269,-0.064,0.634
U164,P017,view,0.111,Home,Durable and modern home essentials designed for comfort.,Decent quality but could be improved.,"[0.359, 0.821, 0.864, 0.61, 0.44]",0.449,-0.645,0.006
U078,P099,review,0.752,Fashion,Trendy and stylish fashion apparel for daily wear.,This product is excellent and exceeded expectations.,"[0.813, 0.452, 0.346, 0.645, 0.354]",0.859,-0.991,0.754
U105,P027,purchase,0.823,Electronics,Latest high-performance electronic device with smart features.,This product is excellent and exceeded expectations.,"[0.86, 0.589, 0.532, 0.247, 0.153]",0.657,-0.032,1.06
U139,P098,view,0.226,Sports,High-quality sports equipment for professionals and beginners.,Decent quality but could be improved.,"[0.408, 0.2, 0.174, 0.615, 0.228]",-0.035,-0.549,0.09
U123,P029,purchase,0.776,Sports,High-quality sports equipment for professionals and beginners.,This product is excellent and exceeded expectations.,"[0.207, 0.214, 0.873, 0.421, 0.443]",0.729,0.781,1.243
U099,P063,add_to_cart,0.45,Beauty,Premium beauty product enhancing personal care.,Decent quality but could be improved.,"[0.889, 0.308, 0.079, 0.034, 0.157]",-0.935,-0.823,-0.063
U148,P060,add_to_cart,0.58,Beauty,Premium beauty product enhancing personal care.,Decent quality but could be improved.,"[0.805, 0.362, 0.738, 0.238, 0.688]",-0.522,-0.894,0.166
U129,P047,purchase,0.807,Sports,High-quality sports equipment for professionals and beginners.,This product is excellent and exceeded expectations.,"[0.531, 0.905, 0.824, 0.496, 0.081]",-0.904,-0.594,0.376
U012,P001,purchase,0.776,Fashion,Trendy and stylish fashion apparel for daily wear.,This product is excellent and exceeded expectations.,"[0.141, 0.916, 0.946, 0.216, 0.003]",-0.689,-0.474,0.384
U124,P011,add_to_cart,0.611,Home,Durable and modern home essentials designed for comfort.,Decent quality but could be improved.,"[0.529, 0.761, 0.784, 0.843, 0.605]",-0.134,-0.216,0.459
U009,P041,add_to_cart,0.456,Books,Engaging book with insightful knowledge and storytelling.,Decent quality but could be improved.,"[0.773, 0.142, 0.67, 0.649, 0.854]",-0.936,-0.153,0.102
U096,P028,purchase,0.867,Electronics,Latest high-performance electronic device with smart features.,This product is excellent and exceeded expectations.,"[0.459, 0.484, 0.376, 0.876, 0.397]",-0.727,0.021,0.612
U021,P078,view,0.246,Electronics,Latest high-performance electronic device with smart features.,Decent quality but could be improved.,"[0.513, 0.647, 0.661, 0.713, 0.315]",0.795,0.952,0.793
U037,P026,review,0.52,Home,Durable and modern home essentials designed for comfort.,Decent quality but could be improved.,"[0.985, 0.178, 0.774, 0.257, 0.877]",0.374,-0.414,0.53
U082,P022,add_to_cart,0.582,Sports,High-quality sports equipment for professionals and beginners.,Decent quality but could be improved.,"[0.329, 0.164, 0.925, 0.554, 0.443]",-0.807,0.429,0.464
U069,P098,add_to_cart,0.412,Home,Durable and modern home essentials designed for comfort.,Decent quality but could be improved.,"[0.267, 0.394, 0.883, 0.398, 0.39]",0.903,-0.397,0.579
U129,P069,review,0.798,Electronics,Latest high-performance electronic device with smart features.,This product is excellent and exceeded expectations.,"[0.833, 0.053, 0.479, 0.788, 0.152]",-0.048,-0.068,0.799
U142,P086,view,0.328,Sports,High-quality sports equipment for professionals and beginners.,Decent quality but could be improved.,"[0.5, 0.135, 0.781, 0.169, 0.166]",0.811,-0.937,0.29
U027,P079,review,0.37,Books,Engaging book with insightful knowledge and storytelling.,Decent quality but could be improved.,"[0.198, 0.835, 0.344, 0.913, 0.376]",-0.776,0.61,0.313
U060,P073,review,0.87,Fashion,Trendy and stylish fashion apparel for daily wear.,This product is excellent and exceeded expectations.,"[0.818, 0.318, 0.248, 0.616, 0.48]",-0.186,0.088,0.864
U011,P008,view,0.162,Sports,High-quality sports equipment for professionals and beginners.,Decent quality but could be improved.,"[0.033, 0.004, 0.616, 0.323, 0.75]",0.696,0.588,0.526
U028,P015,add_to_cart,0.483,Books,Engaging book with insightful knowledge and storytelling.,Decent quality but could be improved.,"[0.868, 0.464, 0.397, 0.744, 0.486]",0.701,-0.215,0.629
U044,P084,purchase,0.75,Electronics,Latest high-performance electronic device with smart features.,This product is excellent and exceeded expectations.,"[0.674, 0.036, 0.35, 0.575, 0.755]",-0.625,-0.291,0.509
U036,P001,add_to_cart,0.42,Sports,High-quality sports equipment for professionals and beginners.,Decent quality but could be improved.,"[0.185, 0.008, 0.009, 0.7, 0.24]",-0.564,-0.871,-0.026
U007,P032,view,0.2,Electronics,Latest high-performance electronic device with smart features.,Decent quality but could be improved.,"[0.469, 0.51, 0.775, 0.006, 0.923]",-0.561,0.681,0.25
U111,P088,add_to_cart,0.506,Fashion,Trendy and stylish fashion apparel for daily wear.,Decent quality but could be improved.,"[0.767, 0.665, 0.596, 0.817, 0.6]",0.821,-0.421,0.639
U028,P043,view,0.154,Beauty,Premium beauty product enhancing personal care.,Decent quality but could be improved.,"[0.698, 0.889, 0.232, 0.733, 0.152]",0.067,-0.313,0.048
U167,P050,purchase,0.989,Books,Engaging book with insightful knowledge and storytelling.,This product is excellent and exceeded expectations.,"[0.125, 0.412, 0.402, 0.386, 0.971]",0.562,-0.472,1.002
U169,P005,view,0.182,Electronics,Latest high-performance electronic device with smart features.,Decent quality but could be improved.,"[0.895, 0.959, 0.622, 0.488, 0.892]",-0.444,-0.949,-0.249
U139,P061,add_to_cart,0.452,Home,Durable and modern home essentials designed for comfort.,Decent quality but could be improved.,"[0.04, 0.812, 0.68, 0.554, 0.651]",0.818,0.625,0.879
U087,P005,review,0.398,Books,Engaging book with insightful knowledge and storytelling.,Decent quality but could be improved.,"[0.288, 0.18, 0.971, 0.152, 0.582]",-0.292,0.065,0.347
U020,P017,purchase,0.803,Electronics,Latest high-performance electronic device with smart features.,This product is excellent and exceeded expectations.,"[0.156, 0.157, 0.191, 0.874, 0.203]",0.922,0.138,1.104
U022,P004,purchase,0.826,Electronics,Latest high-performance electronic device with smart features.,This product is excellent and exceeded expectations.,"[0.918, 0.795, 0.704, 0.998, 0.545]",0.586,-0.915,0.765
U150,P001,review,0.461,Home,Durable and modern home essentials designed for comfort.,Decent quality but could be improved.,"[0.391, 0.748, 0.11, 0.143, 0.153]",-0.299,-0.894,0.144
U083,P016,purchase,0.958,Electronics,Latest high-performance electronic device with smart features.,This product is excellent and exceeded expectations.,"[0.969, 0.776, 0.209, 0.881, 0.536]",-0.725,-0.272,0.696
U185,P025,add_to_cart,0.656,Electronics,Latest high-performance electronic device with smart features.,Decent quality but could be improved.,"[0.581, 0.003, 0.699, 0.075, 0.282]",-0.253,-0.267,0.474
U071,P094,purchase,0.96,Electronics,Latest high-performance electronic device with smart features.,This product is excellent and exceeded expectations.,"[0.547, 0.579, 0.252, 0.357, 0.746]",-0.26,-0.325,0.83
U077,P018,view,0.351,Books,Engaging book with insightful knowledge and storytelling.,Decent quality but could be improved.,"[0.612, 0.079, 0.184, 0.713, 0.118]",0.554,-0.625,0.348
U196,P065,purchase,0.879,Fashion,Trendy and stylish fashion apparel for daily wear.,This product is excellent and exceeded expectations.,"[0.378, 0.889, 0.868, 0.168, 0.559]",0.759,-0.846,0.863
U114,P056,purchase,0.739,Home,Durable and modern home essentials designed for comfort.,This product is excellent and exceeded expectations.,"[0.548, 0.499, 0.346, 0.887, 0.532]",0.354,0.433,1.001
U064,P057,view,0.299,Sports,High-quality sports equipment for professionals and beginners.,Decent quality but could be improved.,"[0.198, 0.602, 0.881, 0.786, 0.128]",-0.886,-0.483,-0.099
U170,P095,view,0.244,Electronics,Latest high-performance electronic device with smart features.,Decent quality but could be improved.,"[0.021, 0.604, 0.188, 0.645, 0.383]",0.554,0.121,0.458
U051,P080,purchase,0.959,Fashion,Trendy and stylish fashion apparel for daily wear.,This product is excellent and exceeded expectations.,"[0.532, 0.321, 0.236, 0.565, 0.013]",0.69,-0.822,0.898
U141,P063,add_to_cart,0.61,Home,Durable and modern home essentials designed for comfort.,Decent quality but could be improved.,"[0.209, 0.346, 0.405, 0.67, 0.677]",-0.095,0.625,0.815
U024,P062,add_to_cart,0.503,Books,Engaging book with insightful knowledge and storytelling.,Decent quality but could be improved.,"[0.847, 0.761, 0.806, 0.566, 0.5]",0.643,-0.199,0.648
U033,P075,purchase,0.944,Books,Engaging book with insightful knowledge and storytelling.,This product is excellent and exceeded expectations.,"[0.777, 0.816, 0.444, 0.128, 0.998]",-0.323,0.385,0.937
U129,P065,review,0.561,Home,Durable and modern home essentials designed for comfort.,Decent quality but could be improved.,"[0.91, 0.938, 0.242, 0.265, 0.641]",-0.804,-0.974,-0.008
U005,P059,review,0.85,Electronics,Latest high-performance electronic device with smart features.,This product is excellent and exceeded expectations.,"[0.717, 0.545, 0.455, 0.125, 0.725]",0.115,-0.986,0.62
U116,P092,review,0.484,Electronics,Latest high-performance electronic device with smart features.,Decent quality but could be improved.,"[0.621, 0.483, 0.328, 0.053, 0.274]",0.102,0.541,0.633
U009,P050,purchase,0.894,Electronics,Latest high-performance electronic device with smart features.,This product is excellent and exceeded expectations.,"[0.393, 0.826, 0.204, 0.079, 0.256]",0.199,0.856,1.169
U126,P064,review,0.748,Home,Durable and modern home essentials designed for comfort.,This product is excellent and exceeded expectations.,"[0.203, 0.979, 0.051, 0.751, 0.075]",-0.37,0.173,0.643
U075,P048,add_to_cart,0.481,Fashion,Trendy and stylish fashion apparel for daily wear.,Decent quality but could be improved.,"[0.422, 0.458, 0.285, 0.232, 0.155]",-0.977,0.814,0.475
U177,P048,review,0.685,Sports,High-quality sports equipment for professionals and beginners.,Decent quality but could be improved.,"[0.124, 0.085, 0.84, 0.006, 0.089]",0.89,0.579,1.15
U027,P068,view,0.379,Electronics,Latest high-performance electronic device with smart features.,Decent quality but could be improved.,"[0.585, 0.011, 0.76, 0.905, 0.646]",0.711,0.195,0.641
U197,P046,view,0.342,Home,Durable and modern home essentials designed for comfort.,Decent quality but could be improved.,"[0.383, 0.42, 0.699, 0.87, 0.177]",-0.115,-0.325,0.254
U078,P086,review,0.465,Beauty,Premium beauty product enhancing personal care.,Decent quality but could be improved.,"[0.072, 0.974, 0.304, 0.879, 0.755]",0.351,0.572,0.77
U132,P066,view,0.115,Sports,High-quality sports equipment for professionals and beginners.,Decent quality but could be improved.,"[0.792, 0.758, 0.714, 0.799, 0.941]",-0.442,0.855,0.25
U123,P076,review,0.364,Books,Engaging book with insightful knowledge and storytelling.,Decent quality but could be improved.,"[0.702, 0.361, 0.476, 0.013, 0.541]",-0.604,0.695,0.368
U135,P039,view,0.215,Electronics,Latest high-performance electronic device with smart features.,Decent quality but could be improved.,"[0.476, 0.778, 0.793, 0.918, 0.507]",-0.571,-0.474,-0.131
U141,P016,review,0.446,Fashion,Trendy and stylish fashion apparel for daily wear.,Decent quality but could be improved.,"[0.236, 0.33, 0.878, 0.562, 0.053]",0.267,-0.632,0.338
U058,P005,review,0.413,Beauty,Premium beauty product enhancing personal care.,Decent quality but could be improved.,"[0.837, 0.392, 0.524, 0.614, 0.875]",0.825,-0.609,0.5
U047,P059,add_to_cart,0.41,Home,Durable and modern home essentials designed for comfort.,Decent quality but could be improved.,"[0.926, 0.473, 0.757, 0.801, 0.005]",-0.316,0.243,0.406
U078,P001,view,0.19,Beauty,Premium beauty product enhancing personal care.,Decent quality but could be improved.,"[0.915, 0.258, 0.404, 0.018, 0.964]",-0.633,0.455,0.144
U156,P027,review,0.622,Electronics,Latest high-performance electronic device with smart features.,Decent quality but could be improved.,"[0.847, 0.834, 0.014, 0.777, 0.046]",-0.255,0.384,0.64
U020,P062,review,0.736,Sports,High-quality sports equipment for professionals and beginners.,This product is excellent and exceeded expectations.,"[0.402, 0.245, 0.268, 0.43, 0.69]",0.254,-0.834,0.592
U178,P085,add_to_cart,0.609,Fashion,Trendy and stylish fashion apparel for daily wear.,Decent quality but could be improved.,"[0.505, 0.877, 0.201, 0.38, 0.884]",0.25,0.266,0.733
U071,P013,review,0.843,Sports,High-quality sports equipment for professionals and beginners.,This product is excellent and exceeded expectations.,"[0.513, 0.241, 0.368, 0.778, 0.178]",-0.887,-0.37,0.424
U138,P048,add_to_cart,0.437,Books,Engaging book with insightful knowledge and storytelling.,Decent quality but could be improved.,"[0.667, 0.31, 0.042, 0.428, 0.73]",0.477,-0.64,0.357
U029,P092,review,0.556,Beauty,Premium beauty product enhancing personal care.,Decent quality but could be improved.,"[0.046, 0.301, 0.154, 0.451, 0.859]",0.609,0.789,0.931
U058,P026,purchase,0.966,Beauty,Premium beauty product enhancing personal care.,This product is excellent and exceeded expectations.,"[0.917, 0.259, 0.592, 0.712, 0.07]",-0.234,-0.27,0.863
U047,P084,view,0.196,Home,Durable and modern home essentials designed for comfort.,Decent quality but could be improved.,"[0.602, 0.976, 0.478, 0.686, 0.588]",0.181,0.156,0.279
U021,P059,purchase,0.94,Electronics,Latest high-performance electronic device with smart features.,This product is excellent and exceeded expectations.,"[0.122, 0.932, 0.538, 0.281, 0.609]",0.342,-0.452,0.871
U025,P044,review,0.58,Fashion,Trendy and stylish fashion apparel for daily wear.,Decent quality but could be improved.,"[0.71, 0.509, 0.833, 0.446, 0.04]",0.205,-0.883,0.333
U062,P038,add_to_cart,0.478,Fashion,Trendy and stylish fashion apparel for daily wear.,Decent quality but could be improved.,"[0.351, 0.326, 0.801, 0.606, 0.112]",0.454,0.443,0.75
U163,P015,purchase,0.906,Fashion,Trendy and stylish fashion apparel for daily wear.,This product is excellent and exceeded expectations.,"[0.816, 0.597, 0.7, 0.407, 0.47]",0.807,-0.35,1.079
U074,P024,view,0.232,Electronics,Latest high-performance electronic device with smart features.,Decent quality but could be improved.,"[0.89, 0.568, 0.059, 0.225, 0.945]",0.39,-0.93,0.11
U192,P047,add_to_cart,0.58,Sports,High-quality sports equipment for professionals and beginners.,Decent quality but could be improved.,"[0.463, 0.825, 0.346, 0.174, 0.632]",0.897,0.581,1.048
U034,P050,review,0.794,Home,Durable and modern home essentials designed for comfort.,This product is excellent and exceeded expectations.,"[0.569, 0.614, 0.349, 0.981, 0.111]",0.911,0.296,1.163
U049,P074,add_to_cart,0.637,Electronics,Latest high-performance electronic device with smart features.,Decent quality but could be improved.,"[0.808, 0.766, 0.973, 0.846, 0.813]",-0.745,-0.841,0.143
U094,P052,purchase,0.974,Home,Durable and modern home essentials designed for comfort.,This product is excellent and exceeded expectations.,"[0.51, 0.626, 0.802, 0.952, 0.101]",-0.004,-0.659,0.733
U079,P050,purchase,0.919,Sports,High-quality sports equipment for professionals and beginners.,This product is excellent and exceeded expectations.,"[0.135, 0.337, 0.488, 0.003, 0.455]",0.191,-0.27,0.914
U175,P024,purchase,0.95,Beauty,Premium beauty product enhancing personal care.,This product is excellent and exceeded expectations.,"[0.526, 0.132, 0.666, 0.754, 0.301]",0.853,0.077,1.218
U153,P068,review,0.788,Fashion,Trendy and stylish fashion apparel for daily wear.,This product is excellent and exceeded expectations.,"[0.537, 0.928, 0.337, 0.499, 0.924]",0.617,0.33,1.098
U070,P019,purchase,0.959,Home,Durable and modern home essentials designed for comfort.,This product is excellent and exceeded expectations.,"[0.75, 0.159, 0.458, 0.951, 0.123]",-0.78,-0.881,0.468
U189,P057,review,0.519,Books,Engaging book with insightful knowledge and storytelling.,Decent quality but could be improved.,"[0.915, 0.929, 0.612, 0.15, 0.995]",-0.615,0.647,0.551
U052,P005,purchase,0.888,Electronics,Latest high-performance electronic device with smart features.,This product is excellent and exceeded expectations.,"[0.842, 0.057, 0.406, 0.861, 0.346]",0.553,0.295,1.179
U129,P008,review,0.339,Books,Engaging book with insightful knowledge and storytelling.,Decent quality but could be improved.,"[0.008, 0.196, 0.725, 0.745, 0.47]",0.497,-0.831,0.215
U052,P035,purchase,0.737,Sports,High-quality sports equipment for professionals and beginners.,This product is excellent and exceeded expectations.,"[0.749, 0.695, 0.075, 0.326, 0.362]",0.802,-0.71,0.734
U002,P017,review,0.573,Electronics,Latest high-performance electronic device with smart features.,Decent quality but could be improved.,"[0.171, 0.331, 0.734, 0.279, 0.256]",-0.102,0.032,0.571
U169,P072,review,0.4,Fashion,Trendy and stylish fashion apparel for daily wear.,Decent quality but could be improved.,"[0.717, 0.411, 0.477, 0.821, 0.216]",0.652,0.756,0.788
U058,P041,add_to_cart,0.519,Fashion,Trendy and stylish fashion apparel for daily wear.,Decent quality but could be improved.,"[0.441, 0.021, 0.648, 0.892, 0.965]",0.206,-0.397,0.451
U021,P087,view,0.149,Electronics,Latest high-performance electronic device with smart features.,Decent quality but could be improved.,"[0.378, 0.634, 0.762, 0.335, 0.241]",-0.841,-0.9,-0.349
U035,P058,add_to_cart,0.586,Fashion,Trendy and stylish fashion apparel for daily wear.,Decent quality but could be improved.,"[0.323, 0.057, 0.642, 0.125, 0.702]",0.773,0.551,0.983
U046,P054,review,0.457,Home,Durable and modern home essentials designed for comfort.,Decent quality but could be improved.,"[0.185, 0.677, 0.88, 0.525, 0.764]",0.523,-0.01,0.588
U167,P034,purchase,0.79,Sports,High-quality sports equipment for professionals and beginners.,This product is excellent and exceeded expectations.,"[0.253, 0.152, 0.581, 0.69, 0.634]",-0.576,-0.602,0.428
U181,P100,view,0.193,Books,Engaging book with insightful knowledge and storytelling.,Decent quality but could be improved.,"[0.063, 0.137, 0.172, 0.119, 0.361]",0.722,0.909,0.67
U063,P081,purchase,0.741,Home,Durable and modern home essentials designed for comfort.,This product is excellent and exceeded expectations.,"[0.925, 0.637, 0.239, 0.546, 0.098]",0.679,0.461,1.108
U098,P070,view,0.258,Electronics,Latest high-performance electronic device with smart features.,Decent quality but could be improved.,"[0.949, 0.773, 0.148, 0.051, 0.861]",-0.367,-0.822,-0.104
U157,P028,add_to_cart,0.635,Beauty,Premium beauty product enhancing personal care.,Decent quality but could be improved.,"[0.938, 0.76, 0.257, 0.5, 0.909]",0.797,-0.916,0.553
U047,P040,purchase,0.744,Fashion,Trendy and stylish fashion apparel for daily wear.,This product is excellent and exceeded expectations.,"[0.283, 0.508, 0.381, 0.748, 0.743]",-0.613,0.499,0.744
U094,P054,review,0.588,Books,Engaging book with insightful knowledge and storytelling.,Decent quality but could be improved.,"[0.311, 0.881, 0.367, 0.915, 0.568]",0.94,0.18,0.963
U140,P051,purchase,0.85,Fashion,Trendy and stylish fashion apparel for daily wear.,This product is excellent and exceeded expectations.,"[0.082, 0.584, 0.502, 0.529, 0.805]",-0.201,0.351,0.931
U066,P007,add_to_cart,0.613,Electronics,Latest high-performance electronic device with smart features.,Decent quality but could be improved.,"[0.694, 0.263, 0.274, 0.604, 0.504]",0.607,-0.343,0.683
U061,P017,review,0.759,Sports,High-quality sports equipment for professionals and beginners.,This product is excellent and exceeded expectations.,"[0.402, 0.896, 0.857, 0.307, 0.077]",0.257,-0.82,0.569
U047,P052,purchase,0.913,Electronics,Latest high-performance electronic device with smart features.,This product is excellent and exceeded expectations.,"[0.467, 0.535, 0.008, 0.588, 0.08]",-0.28,0.053,0.862
U125,P001,purchase,0.713,Home,Durable and modern home essentials designed for comfort.,This product is excellent and exceeded expectations.,"[0.272, 0.757, 0.728, 0.433, 0.172]",0.337,0.935,1.084
U200,P098,view,0.333,Home,Durable and modern home essentials designed for comfort.,Decent quality but could be improved.,"[0.926, 0.294, 0.2, 0.313, 0.97]",0.044,0.316,0.462
U056,P053,review,0.311,Books,Engaging book with insightful knowledge and storytelling.,Decent quality but could be improved.,"[0.561, 0.051, 0.552, 0.482, 0.9]",0.636,-0.652,0.325
U110,P081,review,0.457,Home,Durable and modern home essentials designed for comfort.,Decent quality but could be improved.,"[0.54, 0.393, 0.82, 0.461, 0.938]",-0.157,-0.879,0.128
U010,P013,add_to_cart,0.558,Sports,High-quality sports equipment for professionals and beginners.,Decent quality but could be improved.,"[0.436, 0.177, 0.357, 0.301, 0.341]",0.123,-0.39,0.475
U182,P100,view,0.15,Books,Engaging book with insightful knowledge and storytelling.,Decent quality but could be improved.,"[0.532, 0.222, 0.775, 0.569, 0.387]",0.002,0.491,0.291
U156,P040,add_to_cart,0.467,Books,Engaging book with insightful knowledge and storytelling.,Decent quality but could be improved.,"[0.774, 0.36, 0.739, 0.408, 0.671]",0.508,0.799,0.837
U139,P061,purchase,0.818,Beauty,Premium beauty product enhancing personal care.,This product is excellent and exceeded expectations.,"[0.764, 0.465, 0.974, 0.731, 0.986]",0.877,0.973,1.323
U021,P009,purchase,0.951,Books,Engaging book with insightful knowledge and storytelling.,This product is excellent and exceeded expectations.,"[0.051, 0.556, 0.568, 0.923, 0.455]",0.783,0.165,1.285
U148,P062,add_to_cart,0.56,Electronics,Latest high-performance electronic device with smart features.,Decent quality but could be improved.,"[0.964, 0.345, 0.517, 0.339, 0.584]",0.573,0.3,0.851
U200,P028,review,0.384,Electronics,Latest high-performance electronic device with smart features.,Decent quality but could be improved.,"[0.71, 0.163, 0.286, 0.682, 0.633]",0.197,-0.736,0.198
U075,P046,add_to_cart,0.462,Home,Durable and modern home essentials designed for comfort.,Decent quality but could be improved.,"[0.285, 0.437, 0.171, 0.374, 0.138]",-0.899,-0.01,0.176
U127,P036,add_to_cart,0.495,Sports,High-quality sports equipment for professionals and beginners.,Decent quality but could be improved.,"[0.702, 0.898, 0.755, 0.339, 0.002]",0.573,0.9,0.937
U144,P004,add_to_cart,0.679,Fashion,Trendy and stylish fashion apparel for daily wear.,Decent quality but could be improved.,"[0.428, 0.314, 0.399, 0.7, 0.616]",0.811,-0.751,0.726
U052,P031,add_to_cart,0.482,Home,Durable and modern home essentials designed for comfort.,Decent quality but could be improved.,"[0.672, 0.466, 0.641, 0.418, 0.594]",0.957,0.496,0.925
U004,P076,add_to_cart,0.435,Home,Durable and modern home essentials designed for comfort.,Decent quality but could be improved.,"[0.429, 0.058, 0.346, 0.316, 0.528]",0.808,-0.451,0.534
U062,P088,purchase,0.965,Electronics,Latest high-performance electronic device with smart features.,This product is excellent and exceeded expectations.,"[0.199, 0.702, 0.846, 0.331, 0.566]",-0.474,-0.749,0.584
U182,P100,review,0.672,Electronics,Latest high-performance electronic device with smart features.,Decent quality but could be improved.,"[0.558, 0.804, 0.527, 0.716, 0.375]",0.59,0.028,0.837
U101,P014,view,0.4,Electronics,Latest high-performance electronic device with smart features.,Decent quality but could be improved.,"[0.79, 0.615, 0.858, 0.042, 0.083]",-0.425,-0.511,0.122
U074,P055,review,0.424,Electronics,Latest high-performance electronic device with smart features.,Decent quality but could be improved.,"[0.964, 0.199, 0.563, 0.384, 0.099]",0.856,-0.079,0.628
U124,P041,view,0.383,Home,Durable and modern home essentials designed for comfort.,Decent quality but could be improved.,"[0.498, 0.112, 0.088, 0.032, 0.154]",-0.272,0.466,0.462
U166,P011,review,0.315,Books,Engaging book with insightful knowledge and storytelling.,Decent quality but could be improved.,"[0.311, 0.823, 0.778, 0.622, 0.222]",-0.705,0.345,0.194
U135,P030,add_to_cart,0.456,Beauty,Premium beauty product enhancing personal care.,Decent quality but could be improved.,"[0.588, 0.213, 0.116, 0.727, 0.019]",-0.719,0.601,0.375
U006,P075,add_to_cart,0.569,Fashion,Trendy and stylish fashion apparel for daily wear.,Decent quality but could be improved.,"[0.84, 0.018, 0.636, 0.665, 0.518]",-0.678,-0.364,0.249
U189,P047,purchase,0.839,Sports,High-quality sports equipment for professionals and beginners.,This product is excellent and exceeded expectations.,"[0.254, 0.426, 0.268, 0.863, 0.048]",-0.515,-0.873,0.432
